40	1	1	
40	1	2	
40	1	3	
40	1	4	
40	1	5	
40	1	6	
40	1	7	
40	1	8	
40	1	9	
40	1	10	
40	1	11	
40	1	12	
40	1	13	
40	1	14	
40	1	15	
40	1	16	
40	1	17	
40	1	18	
40	1	19	
40	1	20	
40	1	21	
40	1	22	
40	1	23	
40	1	24	
40	1	25	
40	2	1	
40	2	2	
40	2	3	
40	2	4	
40	2	5	
40	2	6	
40	2	7	
40	2	8	
40	2	9	
40	2	10	
40	2	11	
40	2	12	
40	2	13	
40	2	14	
40	2	15	
40	2	16	
40	2	17	
40	2	18	
40	2	19	
40	2	20	
40	2	21	
40	2	22	
40	2	23	
40	3	1	
40	3	2	
40	3	3	
40	3	4	
40	3	5	
40	3	6	
40	3	7	
40	3	8	
40	3	9	
40	3	10	
40	3	11	
40	3	12	
40	3	13	
40	3	14	
40	3	15	
40	3	16	
40	3	17	
40	4	1	
40	4	2	
40	4	3	
40	4	4	
40	4	5	
40	4	6	
40	4	7	
40	4	8	
40	4	9	
40	4	10	
40	4	11	
40	4	12	
40	4	13	
40	4	14	
40	4	15	
40	4	16	
40	4	17	
40	4	18	
40	4	19	
40	4	20	
40	4	21	
40	4	22	
40	4	23	
40	4	24	
40	4	25	
40	5	1	
40	5	2	
40	5	3	
40	5	4	
40	5	5	
40	5	6	
40	5	7	
40	5	8	
40	5	9	
40	5	10	
40	5	11	
40	5	12	
40	5	13	
40	5	14	
40	5	15	
40	5	16	
40	5	17	
40	5	18	
40	5	19	
40	5	20	
40	5	21	
40	5	22	
40	5	23	
40	5	24	
40	5	25	
40	5	26	
40	5	27	
40	5	28	
40	5	29	
40	5	30	
40	5	31	
40	5	32	
40	5	33	
40	5	34	
40	5	35	
40	5	36	
40	5	37	
40	5	38	
40	5	39	
40	5	40	
40	5	41	
40	5	42	
40	5	43	
40	5	44	
40	5	45	
40	5	46	
40	5	47	
40	5	48	
40	6	1	
40	6	2	
40	6	3	
40	6	4	
40	6	5	
40	6	6	
40	6	7	
40	6	8	
40	6	9	
40	6	10	
40	6	11	
40	6	12	
40	6	13	
40	6	14	
40	6	15	
40	6	16	
40	6	17	
40	6	18	
40	6	19	
40	6	20	
40	6	21	
40	6	22	
40	6	23	
40	6	24	
40	6	25	
40	6	26	
40	6	27	
40	6	28	
40	6	29	
40	6	30	
40	6	31	
40	6	32	
40	6	33	
40	6	34	
40	7	1	
40	7	2	
40	7	3	
40	7	4	
40	7	5	
40	7	6	
40	7	7	
40	7	8	
40	7	9	
40	7	10	
40	7	11	
40	7	12	
40	7	13	
40	7	14	
40	7	15	
40	7	16	
40	7	17	
40	7	18	
40	7	19	
40	7	20	
40	7	21	
40	7	22	
40	7	23	
40	7	24	
40	7	25	
40	7	26	
40	7	27	
40	7	28	
40	7	29	
40	8	1	
40	8	2	
40	8	3	
40	8	4	
40	8	5	
40	8	6	
40	8	7	
40	8	8	
40	8	9	
40	8	10	
40	8	11	
40	8	12	
40	8	13	
40	8	14	
40	8	15	
40	8	16	
40	8	17	
40	8	18	
40	8	19	
40	8	20	
40	8	21	
40	8	22	
40	8	23	
40	8	24	
40	8	25	
40	8	26	
40	8	27	
40	8	28	
40	8	29	
40	8	30	
40	8	31	
40	8	32	
40	8	33	
40	8	34	
40	9	1	
40	9	2	
40	9	3	
40	9	4	
40	9	5	
40	9	6	
40	9	7	
40	9	8	
40	9	9	
40	9	10	
40	9	11	
40	9	12	
40	9	13	
40	9	14	
40	9	15	
40	9	16	
40	9	17	
40	9	18	
40	9	19	
40	9	20	
40	9	21	
40	9	22	
40	9	23	
40	9	24	
40	9	25	
40	9	26	
40	9	27	
40	9	28	
40	9	29	
40	9	30	
40	9	31	
40	9	32	
40	9	33	
40	9	34	
40	9	35	
40	9	36	
40	9	37	
40	9	38	
40	10	1	
40	10	2	
40	10	3	
40	10	4	
40	10	5	
40	10	6	
40	10	7	
40	10	8	
40	10	9	
40	10	10	
40	10	11	
40	10	12	
40	10	13	
40	10	14	
40	10	15	
40	10	16	
40	10	17	
40	10	18	
40	10	19	
40	10	20	
40	10	21	
40	10	22	
40	10	23	
40	10	24	
40	10	25	
40	10	26	
40	10	27	
40	10	28	
40	10	29	
40	10	30	
40	10	31	
40	10	32	
40	10	33	
40	10	34	
40	10	35	
40	10	36	
40	10	37	
40	10	38	
40	10	39	
40	10	40	
40	10	41	
40	10	42	
40	11	1	
40	11	2	
40	11	3	
40	11	4	
40	11	5	
40	11	6	
40	11	7	
40	11	8	
40	11	9	
40	11	10	
40	11	11	
40	11	12	
40	11	13	
40	11	14	
40	11	15	
40	11	16	
40	11	17	
40	11	18	
40	11	19	
40	11	20	
40	11	21	
40	11	22	
40	11	23	
40	11	24	
40	11	25	
40	11	26	
40	11	27	
40	11	28	
40	11	29	
40	11	30	
40	12	1	
40	12	2	
40	12	3	
40	12	4	
40	12	5	
40	12	6	
40	12	7	
40	12	8	
40	12	9	
40	12	10	
40	12	11	
40	12	12	
40	12	13	
40	12	14	
40	12	15	
40	12	16	
40	12	17	
40	12	18	
40	12	19	
40	12	20	
40	12	21	
40	12	22	
40	12	23	
40	12	24	
40	12	25	
40	12	26	
40	12	27	
40	12	28	
40	12	29	
40	12	30	
40	12	31	
40	12	32	
40	12	33	
40	12	34	
40	12	35	
40	12	36	
40	12	37	
40	12	38	
40	12	39	
40	12	40	
40	12	41	
40	12	42	
40	12	43	
40	12	44	
40	12	45	
40	12	46	
40	12	47	
40	12	48	
40	12	49	
40	12	50	
40	13	1	
40	13	2	
40	13	3	
40	13	4	
40	13	5	
40	13	6	
40	13	7	
40	13	8	
40	13	9	
40	13	10	
40	13	11	
40	13	12	
40	13	13	
40	13	14	
40	13	15	
40	13	16	
40	13	17	
40	13	18	
40	13	19	
40	13	20	
40	13	21	
40	13	22	
40	13	23	
40	13	24	
40	13	25	
40	13	26	
40	13	27	
40	13	28	
40	13	29	
40	13	30	
40	13	31	
40	13	32	
40	13	33	
40	13	34	
40	13	35	
40	13	36	
40	13	37	
40	13	38	
40	13	39	
40	13	40	
40	13	41	
40	13	42	
40	13	43	
40	13	44	
40	13	45	
40	13	46	
40	13	47	
40	13	48	
40	13	49	
40	13	50	
40	13	51	
40	13	52	
40	13	53	
40	13	54	
40	13	55	
40	13	56	
40	13	57	
40	13	58	
40	14	1	
40	14	2	
40	14	3	
40	14	4	
40	14	5	
40	14	6	
40	14	7	
40	14	8	
40	14	9	
40	14	10	
40	14	11	
40	14	12	
40	14	13	
40	14	14	
40	14	15	
40	14	16	
40	14	17	
40	14	18	
40	14	19	
40	14	20	
40	14	21	
40	14	22	
40	14	23	
40	14	24	
40	14	25	
40	14	26	
40	14	27	
40	14	28	
40	14	29	
40	14	30	
40	14	31	
40	14	32	
40	14	33	
40	14	34	
40	14	35	
40	14	36	
40	15	1	
40	15	2	
40	15	3	
40	15	4	
40	15	5	
40	15	6	
40	15	7	
40	15	8	
40	15	9	
40	15	10	
40	15	11	
40	15	12	
40	15	13	
40	15	14	
40	15	15	
40	15	16	
40	15	17	
40	15	18	
40	15	19	
40	15	20	
40	15	21	
40	15	22	
40	15	23	
40	15	24	
40	15	25	
40	15	26	
40	15	27	
40	15	28	
40	15	29	
40	15	30	
40	15	31	
40	15	32	
40	15	33	
40	15	34	
40	15	35	
40	15	36	
40	15	37	
40	15	38	
40	15	39	
40	16	1	
40	16	2	
40	16	3	
40	16	4	
40	16	5	
40	16	6	
40	16	7	
40	16	8	
40	16	9	
40	16	10	
40	16	11	
40	16	12	
40	16	13	
40	16	14	
40	16	15	
40	16	16	
40	16	17	
40	16	18	
40	16	19	
40	16	20	
40	16	21	
40	16	22	
40	16	23	
40	16	24	
40	16	25	
40	16	26	
40	16	27	
40	16	28	
40	17	1	
40	17	2	
40	17	3	
40	17	4	
40	17	5	
40	17	6	
40	17	7	
40	17	8	
40	17	9	
40	17	10	
40	17	11	
40	17	12	
40	17	13	
40	17	14	
40	17	15	
40	17	16	
40	17	17	
40	17	18	
40	17	19	
40	17	20	
40	17	21	
40	17	22	
40	17	23	
40	17	24	
40	17	25	
40	17	26	
40	17	27	
40	18	1	
40	18	2	
40	18	3	
40	18	4	
40	18	5	
40	18	6	
40	18	7	
40	18	8	
40	18	9	
40	18	10	
40	18	11	
40	18	12	
40	18	13	
40	18	14	
40	18	15	
40	18	16	
40	18	17	
40	18	18	
40	18	19	
40	18	20	
40	18	21	
40	18	22	
40	18	23	
40	18	24	
40	18	25	
40	18	26	
40	18	27	
40	18	28	
40	18	29	
40	18	30	
40	18	31	
40	18	32	
40	18	33	
40	18	34	
40	18	35	
40	19	1	
40	19	2	
40	19	3	
40	19	4	
40	19	5	
40	19	6	
40	19	7	
40	19	8	
40	19	9	
40	19	10	
40	19	11	
40	19	12	
40	19	13	
40	19	14	
40	19	15	
40	19	16	
40	19	17	
40	19	18	
40	19	19	
40	19	20	
40	19	21	
40	19	22	
40	19	23	
40	19	24	
40	19	25	
40	19	26	
40	19	27	
40	19	28	
40	19	29	
40	19	30	
40	20	1	
40	20	2	
40	20	3	
40	20	4	
40	20	5	
40	20	6	
40	20	7	
40	20	8	
40	20	9	
40	20	10	
40	20	11	
40	20	12	
40	20	13	
40	20	14	
40	20	15	
40	20	16	
40	20	17	
40	20	18	
40	20	19	
40	20	20	
40	20	21	
40	20	22	
40	20	23	
40	20	24	
40	20	25	
40	20	26	
40	20	27	
40	20	28	
40	20	29	
40	20	30	
40	20	31	
40	20	32	
40	20	33	
40	20	34	
40	21	1	
40	21	2	
40	21	3	
40	21	4	
40	21	5	
40	21	6	
40	21	7	
40	21	8	
40	21	9	
40	21	10	
40	21	11	
40	21	12	
40	21	13	
40	21	14	
40	21	15	
40	21	16	
40	21	17	
40	21	18	
40	21	19	
40	21	20	
40	21	21	
40	21	22	
40	21	23	
40	21	24	
40	21	25	
40	21	26	
40	21	27	
40	21	28	
40	21	29	
40	21	30	
40	21	31	
40	21	32	
40	21	33	
40	21	34	
40	21	35	
40	21	36	
40	21	37	
40	21	38	
40	21	39	
40	21	40	
40	21	41	
40	21	42	
40	21	43	
40	21	44	
40	21	45	
40	21	46	
40	22	1	
40	22	2	
40	22	3	
40	22	4	
40	22	5	
40	22	6	
40	22	7	
40	22	8	
40	22	9	
40	22	10	
40	22	11	
40	22	12	
40	22	13	
40	22	14	
40	22	15	
40	22	16	
40	22	17	
40	22	18	
40	22	19	
40	22	20	
40	22	21	
40	22	22	
40	22	23	
40	22	24	
40	22	25	
40	22	26	
40	22	27	
40	22	28	
40	22	29	
40	22	30	
40	22	31	
40	22	32	
40	22	33	
40	22	34	
40	22	35	
40	22	36	
40	22	37	
40	22	38	
40	22	39	
40	22	40	
40	22	41	
40	22	42	
40	22	43	
40	22	44	
40	22	45	
40	22	46	
40	23	1	
40	23	2	
40	23	3	
40	23	4	
40	23	5	
40	23	6	
40	23	7	
40	23	8	
40	23	9	
40	23	10	
40	23	11	
40	23	12	
40	23	13	
40	23	14	
40	23	15	
40	23	16	
40	23	17	
40	23	18	
40	23	19	
40	23	20	
40	23	21	
40	23	22	
40	23	23	
40	23	24	
40	23	25	
40	23	26	
40	23	27	
40	23	28	
40	23	29	
40	23	30	
40	23	31	
40	23	32	
40	23	33	
40	23	34	
40	23	35	
40	23	36	
40	23	37	
40	23	38	
40	23	39	
40	24	1	
40	24	2	
40	24	3	
40	24	4	
40	24	5	
40	24	6	
40	24	7	
40	24	8	
40	24	9	
40	24	10	
40	24	11	
40	24	12	
40	24	13	
40	24	14	
40	24	15	
40	24	16	
40	24	17	
40	24	18	
40	24	19	
40	24	20	
40	24	21	
40	24	22	
40	24	23	
40	24	24	
40	24	25	
40	24	26	
40	24	27	
40	24	28	
40	24	29	
40	24	30	
40	24	31	
40	24	32	
40	24	33	
40	24	34	
40	24	35	
40	24	36	
40	24	37	
40	24	38	
40	24	39	
40	24	40	
40	24	41	
40	24	42	
40	24	43	
40	24	44	
40	24	45	
40	24	46	
40	24	47	
40	24	48	
40	24	49	
40	24	50	
40	24	51	
40	25	1	
40	25	2	
40	25	3	
40	25	4	
40	25	5	
40	25	6	
40	25	7	
40	25	8	
40	25	9	
40	25	10	
40	25	11	
40	25	12	
40	25	13	
40	25	14	
40	25	15	
40	25	16	
40	25	17	
40	25	18	
40	25	19	
40	25	20	
40	25	21	
40	25	22	
40	25	23	
40	25	24	
40	25	25	
40	25	26	
40	25	27	
40	25	28	
40	25	29	
40	25	30	
40	25	31	
40	25	32	
40	25	33	
40	25	34	
40	25	35	
40	25	36	
40	25	37	
40	25	38	
40	25	39	
40	25	40	
40	25	41	
40	25	42	
40	25	43	
40	25	44	
40	25	45	
40	25	46	
40	26	1	
40	26	2	
40	26	3	
40	26	4	
40	26	5	
40	26	6	
40	26	7	
40	26	8	
40	26	9	
40	26	10	
40	26	11	
40	26	12	
40	26	13	
40	26	14	
40	26	15	
40	26	16	
40	26	17	
40	26	18	
40	26	19	
40	26	20	
40	26	21	
40	26	22	
40	26	23	
40	26	24	
40	26	25	
40	26	26	
40	26	27	
40	26	28	
40	26	29	
40	26	30	
40	26	31	
40	26	32	
40	26	33	
40	26	34	
40	26	35	
40	26	36	
40	26	37	
40	26	38	
40	26	39	
40	26	40	
40	26	41	
40	26	42	
40	26	43	
40	26	44	
40	26	45	
40	26	46	
40	26	47	
40	26	48	
40	26	49	
40	26	50	
40	26	51	
40	26	52	
40	26	53	
40	26	54	
40	26	55	
40	26	56	
40	26	57	
40	26	58	
40	26	59	
40	26	60	
40	26	61	
40	26	62	
40	26	63	
40	26	64	
40	26	65	
40	26	66	
40	26	67	
40	26	68	
40	26	69	
40	26	70	
40	26	71	
40	26	72	
40	26	73	
40	26	74	
40	26	75	
40	27	1	
40	27	2	
40	27	3	
40	27	4	
40	27	5	
40	27	6	
40	27	7	
40	27	8	
40	27	9	
40	27	10	
40	27	11	
40	27	12	
40	27	13	
40	27	14	
40	27	15	
40	27	16	
40	27	17	
40	27	18	
40	27	19	
40	27	20	
40	27	21	
40	27	22	
40	27	23	
40	27	24	
40	27	25	
40	27	26	
40	27	27	
40	27	28	
40	27	29	
40	27	30	
40	27	31	
40	27	32	
40	27	33	
40	27	34	
40	27	35	
40	27	36	
40	27	37	
40	27	38	
40	27	39	
40	27	40	
40	27	41	
40	27	42	
40	27	43	
40	27	44	
40	27	45	
40	27	46	
40	27	47	
40	27	48	
40	27	49	
40	27	50	
40	27	51	
40	27	52	
40	27	53	
40	27	54	
40	27	55	
40	27	56	
40	27	57	
40	27	58	
40	27	59	
40	27	60	
40	27	61	
40	27	62	
40	27	63	
40	27	64	
40	27	65	
40	27	66	
40	28	1	
40	28	2	
40	28	3	
40	28	4	
40	28	5	
40	28	6	
40	28	7	
40	28	8	
40	28	9	
40	28	10	
40	28	11	
40	28	12	
40	28	13	
40	28	14	
40	28	15	
40	28	16	
40	28	17	
40	28	18	
40	28	19	
40	28	20	
41	1	1	
41	1	2	
41	1	3	
41	1	4	
41	1	5	
41	1	6	
41	1	7	
41	1	8	
41	1	9	
41	1	10	
41	1	11	
41	1	12	
41	1	13	
41	1	14	
41	1	15	
41	1	16	
41	1	17	
41	1	18	
41	1	19	
41	1	20	
41	1	21	
41	1	22	
41	1	23	
41	1	24	
41	1	25	
41	1	26	
41	1	27	
41	1	28	
41	1	29	
41	1	30	
41	1	31	
41	1	32	
41	1	33	
41	1	34	
41	1	35	
41	1	36	
41	1	37	
41	1	38	
41	1	39	
41	1	40	
41	1	41	
41	1	42	
41	1	43	
41	1	44	
41	1	45	
41	2	1	
41	2	2	
41	2	3	
41	2	4	
41	2	5	
41	2	6	
41	2	7	
41	2	8	
41	2	9	
41	2	10	
41	2	11	
41	2	12	
41	2	13	
41	2	14	
41	2	15	
41	2	16	
41	2	17	
41	2	18	
41	2	19	
41	2	20	
41	2	21	
41	2	22	
41	2	23	
41	2	24	
41	2	25	
41	2	26	
41	2	27	
41	2	28	
41	3	1	
41	3	2	
41	3	3	
41	3	4	
41	3	5	
41	3	6	
41	3	7	
41	3	8	
41	3	9	
41	3	10	
41	3	11	
41	3	12	
41	3	13	
41	3	14	
41	3	15	
41	3	16	
41	3	17	
41	3	18	
41	3	19	
41	3	20	
41	3	21	
41	3	22	
41	3	23	
41	3	24	
41	3	25	
41	3	26	
41	3	27	
41	3	28	
41	3	29	
41	3	30	
41	3	31	
41	3	32	
41	3	33	
41	3	34	
41	3	35	
41	4	1	
41	4	2	
41	4	3	
41	4	4	
41	4	5	
41	4	6	
41	4	7	
41	4	8	
41	4	9	
41	4	10	
41	4	11	
41	4	12	
41	4	13	
41	4	14	
41	4	15	
41	4	16	
41	4	17	
41	4	18	
41	4	19	
41	4	20	
41	4	21	
41	4	22	
41	4	23	
41	4	24	
41	4	25	
41	4	26	
41	4	27	
41	4	28	
41	4	29	
41	4	30	
41	4	31	
41	4	32	
41	4	33	
41	4	34	
41	4	35	
41	4	36	
41	4	37	
41	4	38	
41	4	39	
41	4	40	
41	4	41	
41	5	1	
41	5	2	
41	5	3	
41	5	4	
41	5	5	
41	5	6	
41	5	7	
41	5	8	
41	5	9	
41	5	10	
41	5	11	
41	5	12	
41	5	13	
41	5	14	
41	5	15	
41	5	16	
41	5	17	
41	5	18	
41	5	19	
41	5	20	
41	5	21	
41	5	22	
41	5	23	
41	5	24	
41	5	25	
41	5	26	
41	5	27	
41	5	28	
41	5	29	
41	5	30	
41	5	31	
41	5	32	
41	5	33	
41	5	34	
41	5	35	
41	5	36	
41	5	37	
41	5	38	
41	5	39	
41	5	40	
41	5	41	
41	5	42	
41	5	43	
41	6	1	
41	6	2	
41	6	3	
41	6	4	
41	6	5	
41	6	6	
41	6	7	
41	6	8	
41	6	9	
41	6	10	
41	6	11	
41	6	12	
41	6	13	
41	6	14	
41	6	15	
41	6	16	
41	6	17	
41	6	18	
41	6	19	
41	6	20	
41	6	21	
41	6	22	
41	6	23	
41	6	24	
41	6	25	
41	6	26	
41	6	27	
41	6	28	
41	6	29	
41	6	30	
41	6	31	
41	6	32	
41	6	33	
41	6	34	
41	6	35	
41	6	36	
41	6	37	
41	6	38	
41	6	39	
41	6	40	
41	6	41	
41	6	42	
41	6	43	
41	6	44	
41	6	45	
41	6	46	
41	6	47	
41	6	48	
41	6	49	
41	6	50	
41	6	51	
41	6	52	
41	6	53	
41	6	54	
41	6	55	
41	6	56	
41	7	1	
41	7	2	
41	7	3	
41	7	4	
41	7	5	
41	7	6	
41	7	7	
41	7	8	
41	7	9	
41	7	10	
41	7	11	
41	7	12	
41	7	13	
41	7	14	
41	7	15	
41	7	16	
41	7	17	
41	7	18	
41	7	19	
41	7	20	
41	7	21	
41	7	22	
41	7	23	
41	7	24	
41	7	25	
41	7	26	
41	7	27	
41	7	28	
41	7	29	
41	7	30	
41	7	31	
41	7	32	
41	7	33	
41	7	34	
41	7	35	
41	7	36	
41	7	37	
41	8	1	
41	8	2	
41	8	3	
41	8	4	
41	8	5	
41	8	6	
41	8	7	
41	8	8	
41	8	9	
41	8	10	
41	8	11	
41	8	12	
41	8	13	
41	8	14	
41	8	15	
41	8	16	
41	8	17	
41	8	18	
41	8	19	
41	8	20	
41	8	21	
41	8	22	
41	8	23	
41	8	24	
41	8	25	
41	8	26	
41	8	27	
41	8	28	
41	8	29	
41	8	30	
41	8	31	
41	8	32	
41	8	33	
41	8	34	
41	8	35	
41	8	36	
41	8	37	
41	8	38	
41	9	1	
41	9	2	
41	9	3	
41	9	4	
41	9	5	
41	9	6	
41	9	7	
41	9	8	
41	9	9	
41	9	10	
41	9	11	
41	9	12	
41	9	13	
41	9	14	
41	9	15	
41	9	16	
41	9	17	
41	9	18	
41	9	19	
41	9	20	
41	9	21	
41	9	22	
41	9	23	
41	9	24	
41	9	25	
41	9	26	
41	9	27	
41	9	28	
41	9	29	
41	9	30	
41	9	31	
41	9	32	
41	9	33	
41	9	34	
41	9	35	
41	9	36	
41	9	37	
41	9	38	
41	9	39	
41	9	40	
41	9	41	
41	9	42	
41	9	43	
41	9	44	
41	9	45	
41	9	46	
41	9	47	
41	9	48	
41	9	49	
41	9	50	
41	10	1	
41	10	2	
41	10	3	
41	10	4	
41	10	5	
41	10	6	
41	10	7	
41	10	8	
41	10	9	
41	10	10	
41	10	11	
41	10	12	
41	10	13	
41	10	14	
41	10	15	
41	10	16	
41	10	17	
41	10	18	
41	10	19	
41	10	20	
41	10	21	
41	10	22	
41	10	23	
41	10	24	
41	10	25	
41	10	26	
41	10	27	
41	10	28	
41	10	29	
41	10	30	
41	10	31	
41	10	32	
41	10	33	
41	10	34	
41	10	35	
41	10	36	
41	10	37	
41	10	38	
41	10	39	
41	10	40	
41	10	41	
41	10	42	
41	10	43	
41	10	44	
41	10	45	
41	10	46	
41	10	47	
41	10	48	
41	10	49	
41	10	50	
41	10	51	
41	10	52	
41	11	1	
41	11	2	
41	11	3	
41	11	4	
41	11	5	
41	11	6	
41	11	7	
41	11	8	
41	11	9	
41	11	10	
41	11	11	
41	11	12	
41	11	13	
41	11	14	
41	11	15	
41	11	16	
41	11	17	
41	11	18	
41	11	19	
41	11	20	
41	11	21	
41	11	22	
41	11	23	
41	11	24	
41	11	25	
41	11	26	
41	11	27	
41	11	28	
41	11	29	
41	11	30	
41	11	31	
41	11	32	
41	11	33	
41	12	1	
41	12	2	
41	12	3	
41	12	4	
41	12	5	
41	12	6	
41	12	7	
41	12	8	
41	12	9	
41	12	10	
41	12	11	
41	12	12	
41	12	13	
41	12	14	
41	12	15	
41	12	16	
41	12	17	
41	12	18	
41	12	19	
41	12	20	
41	12	21	
41	12	22	
41	12	23	
41	12	24	
41	12	25	
41	12	26	
41	12	27	
41	12	28	
41	12	29	
41	12	30	
41	12	31	
41	12	32	
41	12	33	
41	12	34	
41	12	35	
41	12	36	
41	12	37	
41	12	38	
41	12	39	
41	12	40	
41	12	41	
41	12	42	
41	12	43	
41	12	44	
41	13	1	
41	13	2	
41	13	3	
41	13	4	
41	13	5	
41	13	6	
41	13	7	
41	13	8	
41	13	9	
41	13	10	
41	13	11	
41	13	12	
41	13	13	
41	13	14	
41	13	15	
41	13	16	
41	13	17	
41	13	18	
41	13	19	
41	13	20	
41	13	21	
41	13	22	
41	13	23	
41	13	24	
41	13	25	
41	13	26	
41	13	27	
41	13	28	
41	13	29	
41	13	30	
41	13	31	
41	13	32	
41	13	33	
41	13	34	
41	13	35	
41	13	36	
41	13	37	
41	14	1	
41	14	2	
41	14	3	
41	14	4	
41	14	5	
41	14	6	
41	14	7	
41	14	8	
41	14	9	
41	14	10	
41	14	11	
41	14	12	
41	14	13	
41	14	14	
41	14	15	
41	14	16	
41	14	17	
41	14	18	
41	14	19	
41	14	20	
41	14	21	
41	14	22	
41	14	23	
41	14	24	
41	14	25	
41	14	26	
41	14	27	
41	14	28	
41	14	29	
41	14	30	
41	14	31	
41	14	32	
41	14	33	
41	14	34	
41	14	35	
41	14	36	
41	14	37	
41	14	38	
41	14	39	
41	14	40	
41	14	41	
41	14	42	
41	14	43	
41	14	44	
41	14	45	
41	14	46	
41	14	47	
41	14	48	
41	14	49	
41	14	50	
41	14	51	
41	14	52	
41	14	53	
41	14	54	
41	14	55	
41	14	56	
41	14	57	
41	14	58	
41	14	59	
41	14	60	
41	14	61	
41	14	62	
41	14	63	
41	14	64	
41	14	65	
41	14	66	
41	14	67	
41	14	68	
41	14	69	
41	14	70	
41	14	71	
41	14	72	
41	15	1	
41	15	2	
41	15	3	
41	15	4	
41	15	5	
41	15	6	
41	15	7	
41	15	8	
41	15	9	
41	15	10	
41	15	11	
41	15	12	
41	15	13	
41	15	14	
41	15	15	
41	15	16	
41	15	17	
41	15	18	
41	15	19	
41	15	20	
41	15	21	
41	15	22	
41	15	23	
41	15	24	
41	15	25	
41	15	26	
41	15	27	
41	15	28	
41	15	29	
41	15	30	
41	15	31	
41	15	32	
41	15	33	
41	15	34	
41	15	35	
41	15	36	
41	15	37	
41	15	38	
41	15	39	
41	15	40	
41	15	41	
41	15	42	
41	15	43	
41	15	44	
41	15	45	
41	15	46	
41	15	47	
41	16	1	
41	16	2	
41	16	3	
41	16	4	
41	16	5	
41	16	6	
41	16	7	
41	16	8	
41	16	9	
41	16	10	
41	16	11	
41	16	12	
41	16	13	
41	16	14	
41	16	15	
41	16	16	
41	16	17	
41	16	18	
41	16	19	
41	16	20	
42	1	1	
42	1	2	
42	1	3	
42	1	4	
42	1	5	
42	1	6	
42	1	7	
42	1	8	
42	1	9	
42	1	10	
42	1	11	
42	1	12	
42	1	13	
42	1	14	
42	1	15	
42	1	16	
42	1	17	
42	1	18	
42	1	19	
42	1	20	
42	1	21	
42	1	22	
42	1	23	
42	1	24	
42	1	25	
42	1	26	
42	1	27	
42	1	28	
42	1	29	
42	1	30	
42	1	31	
42	1	32	
42	1	33	
42	1	34	
42	1	35	
42	1	36	
42	1	37	
42	1	38	
42	1	39	
42	1	40	
42	1	41	
42	1	42	
42	1	43	
42	1	44	
42	1	45	
42	1	46	
42	1	47	
42	1	48	
42	1	49	
42	1	50	
42	1	51	
42	1	52	
42	1	53	
42	1	54	
42	1	55	
42	1	56	
42	1	57	
42	1	58	
42	1	59	
42	1	60	
42	1	61	
42	1	62	
42	1	63	
42	1	64	
42	1	65	
42	1	66	
42	1	67	
42	1	68	
42	1	69	
42	1	70	
42	1	71	
42	1	72	
42	1	73	
42	1	74	
42	1	75	
42	1	76	
42	1	77	
42	1	78	
42	1	79	
42	1	80	
42	2	1	
42	2	2	
42	2	3	
42	2	4	
42	2	5	
42	2	6	
42	2	7	
42	2	8	
42	2	9	
42	2	10	
42	2	11	
42	2	12	
42	2	13	
42	2	14	
42	2	15	
42	2	16	
42	2	17	
42	2	18	
42	2	19	
42	2	20	
42	2	21	
42	2	22	
42	2	23	
42	2	24	
42	2	25	
42	2	26	
42	2	27	
42	2	28	
42	2	29	
42	2	30	
42	2	31	
42	2	32	
42	2	33	
42	2	34	
42	2	35	
42	2	36	
42	2	37	
42	2	38	
42	2	39	
42	2	40	
42	2	41	
42	2	42	
42	2	43	
42	2	44	
42	2	45	
42	2	46	
42	2	47	
42	2	48	
42	2	49	
42	2	50	
42	2	51	
42	2	52	
42	3	1	
42	3	2	
42	3	3	
42	3	4	
42	3	5	
42	3	6	
42	3	7	
42	3	8	
42	3	9	
42	3	10	
42	3	11	
42	3	12	
42	3	13	
42	3	14	
42	3	15	
42	3	16	
42	3	17	
42	3	18	
42	3	19	
42	3	20	
42	3	21	
42	3	22	
42	3	23	
42	3	24	
42	3	25	
42	3	26	
42	3	27	
42	3	28	
42	3	29	
42	3	30	
42	3	31	
42	3	32	
42	3	33	
42	3	34	
42	3	35	
42	3	36	
42	3	37	
42	3	38	
42	4	1	
42	4	2	
42	4	3	
42	4	4	
42	4	5	
42	4	6	
42	4	7	
42	4	8	
42	4	9	
42	4	10	
42	4	11	
42	4	12	
42	4	13	
42	4	14	
42	4	15	
42	4	16	
42	4	17	
42	4	18	
42	4	19	
42	4	20	
42	4	21	
42	4	22	
42	4	23	
42	4	24	
42	4	25	
42	4	26	
42	4	27	
42	4	28	
42	4	29	
42	4	30	
42	4	31	
42	4	32	
42	4	33	
42	4	34	
42	4	35	
42	4	36	
42	4	37	
42	4	38	
42	4	39	
42	4	40	
42	4	41	
42	4	42	
42	4	43	
42	4	44	
42	5	1	
42	5	2	
42	5	3	
42	5	4	
42	5	5	
42	5	6	
42	5	7	
42	5	8	
42	5	9	
42	5	10	
42	5	11	
42	5	12	
42	5	13	
42	5	14	
42	5	15	
42	5	16	
42	5	17	
42	5	18	
42	5	19	
42	5	20	
42	5	21	
42	5	22	
42	5	23	
42	5	24	
42	5	25	
42	5	26	
42	5	27	
42	5	28	
42	5	29	
42	5	30	
42	5	31	
42	5	32	
42	5	33	
42	5	34	
42	5	35	
42	5	36	
42	5	37	
42	5	38	
42	5	39	
42	6	1	
42	6	2	
42	6	3	
42	6	4	
42	6	5	
42	6	6	
42	6	7	
42	6	8	
42	6	9	
42	6	10	
42	6	11	
42	6	12	
42	6	13	
42	6	14	
42	6	15	
42	6	16	
42	6	17	
42	6	18	
42	6	19	
42	6	20	
42	6	21	
42	6	22	
42	6	23	
42	6	24	
42	6	25	
42	6	26	
42	6	27	
42	6	28	
42	6	29	
42	6	30	
42	6	31	
42	6	32	
42	6	33	
42	6	34	
42	6	35	
42	6	36	
42	6	37	
42	6	38	
42	6	39	
42	6	40	
42	6	41	
42	6	42	
42	6	43	
42	6	44	
42	6	45	
42	6	46	
42	6	47	
42	6	48	
42	6	49	
42	7	1	
42	7	2	
42	7	3	
42	7	4	
42	7	5	
42	7	6	
42	7	7	
42	7	8	
42	7	9	
42	7	10	
42	7	11	
42	7	12	
42	7	13	
42	7	14	
42	7	15	
42	7	16	
42	7	17	
42	7	18	
42	7	19	
42	7	20	
42	7	21	
42	7	22	
42	7	23	
42	7	24	
42	7	25	
42	7	26	
42	7	27	
42	7	28	
42	7	29	
42	7	30	
42	7	31	
42	7	32	
42	7	33	
42	7	34	
42	7	35	
42	7	36	
42	7	37	
42	7	38	
42	7	39	
42	7	40	
42	7	41	
42	7	42	
42	7	43	
42	7	44	
42	7	45	
42	7	46	
42	7	47	
42	7	48	
42	7	49	
42	7	50	
42	8	1	
42	8	2	
42	8	3	
42	8	4	
42	8	5	
42	8	6	
42	8	7	
42	8	8	
42	8	9	
42	8	10	
42	8	11	
42	8	12	
42	8	13	
42	8	14	
42	8	15	
42	8	16	
42	8	17	
42	8	18	
42	8	19	
42	8	20	
42	8	21	
42	8	22	
42	8	23	
42	8	24	
42	8	25	
42	8	26	
42	8	27	
42	8	28	
42	8	29	
42	8	30	
42	8	31	
42	8	32	
42	8	33	
42	8	34	
42	8	35	
42	8	36	
42	8	37	
42	8	38	
42	8	39	
42	8	40	
42	8	41	
42	8	42	
42	8	43	
42	8	44	
42	8	45	
42	8	46	
42	8	47	
42	8	48	
42	8	49	
42	8	50	
42	8	51	
42	8	52	
42	8	53	
42	8	54	
42	8	55	
42	8	56	
42	9	1	
42	9	2	
42	9	3	
42	9	4	
42	9	5	
42	9	6	
42	9	7	
42	9	8	
42	9	9	
42	9	10	
42	9	11	
42	9	12	
42	9	13	
42	9	14	
42	9	15	
42	9	16	
42	9	17	
42	9	18	
42	9	19	
42	9	20	
42	9	21	
42	9	22	
42	9	23	
42	9	24	
42	9	25	
42	9	26	
42	9	27	
42	9	28	
42	9	29	
42	9	30	
42	9	31	
42	9	32	
42	9	33	
42	9	34	
42	9	35	
42	9	36	
42	9	37	
42	9	38	
42	9	39	
42	9	40	
42	9	41	
42	9	42	
42	9	43	
42	9	44	
42	9	45	
42	9	46	
42	9	47	
42	9	48	
42	9	49	
42	9	50	
42	9	51	
42	9	52	
42	9	53	
42	9	54	
42	9	55	
42	9	56	
42	9	57	
42	9	58	
42	9	59	
42	9	60	
42	9	61	
42	9	62	
42	10	1	
42	10	2	
42	10	3	
42	10	4	
42	10	5	
42	10	6	
42	10	7	
42	10	8	
42	10	9	
42	10	10	
42	10	11	
42	10	12	
42	10	13	
42	10	14	
42	10	15	
42	10	16	
42	10	17	
42	10	18	
42	10	19	
42	10	20	
42	10	21	
42	10	22	
42	10	23	
42	10	24	
42	10	25	
42	10	26	
42	10	27	
42	10	28	
42	10	29	
42	10	30	
42	10	31	
42	10	32	
42	10	33	
42	10	34	
42	10	35	
42	10	36	
42	10	37	
42	10	38	
42	10	39	
42	10	40	
42	10	41	
42	10	42	
42	11	1	
42	11	2	
42	11	3	
42	11	4	
42	11	5	
42	11	6	
42	11	7	
42	11	8	
42	11	9	
42	11	10	
42	11	11	
42	11	12	
42	11	13	
42	11	14	
42	11	15	
42	11	16	
42	11	17	
42	11	18	
42	11	19	
42	11	20	
42	11	21	
42	11	22	
42	11	23	
42	11	24	
42	11	25	
42	11	26	
42	11	27	
42	11	28	
42	11	29	
42	11	30	
42	11	31	
42	11	32	
42	11	33	
42	11	34	
42	11	35	
42	11	36	
42	11	37	
42	11	38	
42	11	39	
42	11	40	
42	11	41	
42	11	42	
42	11	43	
42	11	44	
42	11	45	
42	11	46	
42	11	47	
42	11	48	
42	11	49	
42	11	50	
42	11	51	
42	11	52	
42	11	53	
42	11	54	
42	12	1	
42	12	2	
42	12	3	
42	12	4	
42	12	5	
42	12	6	
42	12	7	
42	12	8	
42	12	9	
42	12	10	
42	12	11	
42	12	12	
42	12	13	
42	12	14	
42	12	15	
42	12	16	
42	12	17	
42	12	18	
42	12	19	
42	12	20	
42	12	21	
42	12	22	
42	12	23	
42	12	24	
42	12	25	
42	12	26	
42	12	27	
42	12	28	
42	12	29	
42	12	30	
42	12	31	
42	12	32	
42	12	33	
42	12	34	
42	12	35	
42	12	36	
42	12	37	
42	12	38	
42	12	39	
42	12	40	
42	12	41	
42	12	42	
42	12	43	
42	12	44	
42	12	45	
42	12	46	
42	12	47	
42	12	48	
42	12	49	
42	12	50	
42	12	51	
42	12	52	
42	12	53	
42	12	54	
42	12	55	
42	12	56	
42	12	57	
42	12	58	
42	12	59	
42	13	1	
42	13	2	
42	13	3	
42	13	4	
42	13	5	
42	13	6	
42	13	7	
42	13	8	
42	13	9	
42	13	10	
42	13	11	
42	13	12	
42	13	13	
42	13	14	
42	13	15	
42	13	16	
42	13	17	
42	13	18	
42	13	19	
42	13	20	
42	13	21	
42	13	22	
42	13	23	
42	13	24	
42	13	25	
42	13	26	
42	13	27	
42	13	28	
42	13	29	
42	13	30	
42	13	31	
42	13	32	
42	13	33	
42	13	34	
42	13	35	
42	14	1	
42	14	2	
42	14	3	
42	14	4	
42	14	5	
42	14	6	
42	14	7	
42	14	8	
42	14	9	
42	14	10	
42	14	11	
42	14	12	
42	14	13	
42	14	14	
42	14	15	
42	14	16	
42	14	17	
42	14	18	
42	14	19	
42	14	20	
42	14	21	
42	14	22	
42	14	23	
42	14	24	
42	14	25	
42	14	26	
42	14	27	
42	14	28	
42	14	29	
42	14	30	
42	14	31	
42	14	32	
42	14	33	
42	14	34	
42	14	35	
42	15	1	
42	15	2	
42	15	3	
42	15	4	
42	15	5	
42	15	6	
42	15	7	
42	15	8	
42	15	9	
42	15	10	
42	15	11	
42	15	12	
42	15	13	
42	15	14	
42	15	15	
42	15	16	
42	15	17	
42	15	18	
42	15	19	
42	15	20	
42	15	21	
42	15	22	
42	15	23	
42	15	24	
42	15	25	
42	15	26	
42	15	27	
42	15	28	
42	15	29	
42	15	30	
42	15	31	
42	15	32	
42	16	1	
42	16	2	
42	16	3	
42	16	4	
42	16	5	
42	16	6	
42	16	7	
42	16	8	
42	16	9	
42	16	10	
42	16	11	
42	16	12	
42	16	13	
42	16	14	
42	16	15	
42	16	16	
42	16	17	
42	16	18	
42	16	19	
42	16	20	
42	16	21	
42	16	22	
42	16	23	
42	16	24	
42	16	25	
42	16	26	
42	16	27	
42	16	28	
42	16	29	
42	16	30	
42	16	31	
42	17	1	
42	17	2	
42	17	3	
42	17	4	
42	17	5	
42	17	6	
42	17	7	
42	17	8	
42	17	9	
42	17	10	
42	17	11	
42	17	12	
42	17	13	
42	17	14	
42	17	15	
42	17	16	
42	17	17	
42	17	18	
42	17	19	
42	17	20	
42	17	21	
42	17	22	
42	17	23	
42	17	24	
42	17	25	
42	17	26	
42	17	27	
42	17	28	
42	17	29	
42	17	30	
42	17	31	
42	17	32	
42	17	33	
42	17	34	
42	17	35	
42	17	36	
42	17	37	
42	18	1	
42	18	2	
42	18	3	
42	18	4	
42	18	5	
42	18	6	
42	18	7	
42	18	8	
42	18	9	
42	18	10	
42	18	11	
42	18	12	
42	18	13	
42	18	14	
42	18	15	
42	18	16	
42	18	17	
42	18	18	
42	18	19	
42	18	20	
42	18	21	
42	18	22	
42	18	23	
42	18	24	
42	18	25	
42	18	26	
42	18	27	
42	18	28	
42	18	29	
42	18	30	
42	18	31	
42	18	32	
42	18	33	
42	18	34	
42	18	35	
42	18	36	
42	18	37	
42	18	38	
42	18	39	
42	18	40	
42	18	41	
42	18	42	
42	18	43	
42	19	1	
42	19	2	
42	19	3	
42	19	4	
42	19	5	
42	19	6	
42	19	7	
42	19	8	
42	19	9	
42	19	10	
42	19	11	
42	19	12	
42	19	13	
42	19	14	
42	19	15	
42	19	16	
42	19	17	
42	19	18	
42	19	19	
42	19	20	
42	19	21	
42	19	22	
42	19	23	
42	19	24	
42	19	25	
42	19	26	
42	19	27	
42	19	28	
42	19	29	
42	19	30	
42	19	31	
42	19	32	
42	19	33	
42	19	34	
42	19	35	
42	19	36	
42	19	37	
42	19	38	
42	19	39	
42	19	40	
42	19	41	
42	19	42	
42	19	43	
42	19	44	
42	19	45	
42	19	46	
42	19	47	
42	19	48	
42	20	1	
42	20	2	
42	20	3	
42	20	4	
42	20	5	
42	20	6	
42	20	7	
42	20	8	
42	20	9	
42	20	10	
42	20	11	
42	20	12	
42	20	13	
42	20	14	
42	20	15	
42	20	16	
42	20	17	
42	20	18	
42	20	19	
42	20	20	
42	20	21	
42	20	22	
42	20	23	
42	20	24	
42	20	25	
42	20	26	
42	20	27	
42	20	28	
42	20	29	
42	20	30	
42	20	31	
42	20	32	
42	20	33	
42	20	34	
42	20	35	
42	20	36	
42	20	37	
42	20	38	
42	20	39	
42	20	40	
42	20	41	
42	20	42	
42	20	43	
42	20	44	
42	20	45	
42	20	46	
42	20	47	
42	21	1	
42	21	2	
42	21	3	
42	21	4	
42	21	5	
42	21	6	
42	21	7	
42	21	8	
42	21	9	
42	21	10	
42	21	11	
42	21	12	
42	21	13	
42	21	14	
42	21	15	
42	21	16	
42	21	17	
42	21	18	
42	21	19	
42	21	20	
42	21	21	
42	21	22	
42	21	23	
42	21	24	
42	21	25	
42	21	26	
42	21	27	
42	21	28	
42	21	29	
42	21	30	
42	21	31	
42	21	32	
42	21	33	
42	21	34	
42	21	35	
42	21	36	
42	21	37	
42	21	38	
42	22	1	
42	22	2	
42	22	3	
42	22	4	
42	22	5	
42	22	6	
42	22	7	
42	22	8	
42	22	9	
42	22	10	
42	22	11	
42	22	12	
42	22	13	
42	22	14	
42	22	15	
42	22	16	
42	22	17	
42	22	18	
42	22	19	
42	22	20	
42	22	21	
42	22	22	
42	22	23	
42	22	24	
42	22	25	
42	22	26	
42	22	27	
42	22	28	
42	22	29	
42	22	30	
42	22	31	
42	22	32	
42	22	33	
42	22	34	
42	22	35	
42	22	36	
42	22	37	
42	22	38	
42	22	39	
42	22	40	
42	22	41	
42	22	42	
42	22	43	
42	22	44	
42	22	45	
42	22	46	
42	22	47	
42	22	48	
42	22	49	
42	22	50	
42	22	51	
42	22	52	
42	22	53	
42	22	54	
42	22	55	
42	22	56	
42	22	57	
42	22	58	
42	22	59	
42	22	60	
42	22	61	
42	22	62	
42	22	63	
42	22	64	
42	22	65	
42	22	66	
42	22	67	
42	22	68	
42	22	69	
42	22	70	
42	22	71	
42	23	1	
42	23	2	
42	23	3	
42	23	4	
42	23	5	
42	23	6	
42	23	7	
42	23	8	
42	23	9	
42	23	10	
42	23	11	
42	23	12	
42	23	13	
42	23	14	
42	23	15	
42	23	16	
42	23	17	
42	23	18	
42	23	19	
42	23	20	
42	23	21	
42	23	22	
42	23	23	
42	23	24	
42	23	25	
42	23	26	
42	23	27	
42	23	28	
42	23	29	
42	23	30	
42	23	31	
42	23	32	
42	23	33	
42	23	34	
42	23	35	
42	23	36	
42	23	37	
42	23	38	
42	23	39	
42	23	40	
42	23	41	
42	23	42	
42	23	43	
42	23	44	
42	23	45	
42	23	46	
42	23	47	
42	23	48	
42	23	49	
42	23	50	
42	23	51	
42	23	52	
42	23	53	
42	23	54	
42	23	55	
42	23	56	
42	24	1	
42	24	2	
42	24	3	
42	24	4	
42	24	5	
42	24	6	
42	24	7	
42	24	8	
42	24	9	
42	24	10	
42	24	11	
42	24	12	
42	24	13	
42	24	14	
42	24	15	
42	24	16	
42	24	17	
42	24	18	
42	24	19	
42	24	20	
42	24	21	
42	24	22	
42	24	23	
42	24	24	
42	24	25	
42	24	26	
42	24	27	
42	24	28	
42	24	29	
42	24	30	
42	24	31	
42	24	32	
42	24	33	
42	24	34	
42	24	35	
42	24	36	
42	24	37	
42	24	38	
42	24	39	
42	24	40	
42	24	41	
42	24	42	
42	24	43	
42	24	44	
42	24	45	
42	24	46	
42	24	47	
42	24	48	
42	24	49	
42	24	50	
42	24	51	
42	24	52	
42	24	53	
43	1	1	
43	1	2	
43	1	3	
43	1	4	
43	1	5	
43	1	6	
43	1	7	
43	1	8	
43	1	9	
43	1	10	
43	1	11	
43	1	12	
43	1	13	
43	1	14	
43	1	15	
43	1	16	
43	1	17	
43	1	18	
43	1	19	
43	1	20	
43	1	21	
43	1	22	
43	1	23	
43	1	24	
43	1	25	
43	1	26	
43	1	27	
43	1	28	
43	1	29	
43	1	30	
43	1	31	
43	1	32	
43	1	33	
43	1	34	
43	1	35	
43	1	36	
43	1	37	
43	1	38	
43	1	39	
43	1	40	
43	1	41	
43	1	42	
43	1	43	
43	1	44	
43	1	45	
43	1	46	
43	1	47	
43	1	48	
43	1	49	
43	1	50	
43	1	51	
43	2	1	
43	2	2	
43	2	3	
43	2	4	
43	2	5	
43	2	6	
43	2	7	
43	2	8	
43	2	9	
43	2	10	
43	2	11	
43	2	12	
43	2	13	
43	2	14	
43	2	15	
43	2	16	
43	2	17	
43	2	18	
43	2	19	
43	2	20	
43	2	21	
43	2	22	
43	2	23	
43	2	24	
43	2	25	
43	3	1	
43	3	2	
43	3	3	
43	3	4	
43	3	5	
43	3	6	
43	3	7	
43	3	8	
43	3	9	
43	3	10	
43	3	11	
43	3	12	
43	3	13	
43	3	14	
43	3	15	
43	3	16	
43	3	17	
43	3	18	
43	3	19	
43	3	20	
43	3	21	
43	3	22	
43	3	23	
43	3	24	
43	3	25	
43	3	26	
43	3	27	
43	3	28	
43	3	29	
43	3	30	
43	3	31	
43	3	32	
43	3	33	
43	3	34	
43	3	35	
43	3	36	
43	4	1	
43	4	2	
43	4	3	
43	4	4	
43	4	5	
43	4	6	
43	4	7	
43	4	8	
43	4	9	
43	4	10	
43	4	11	
43	4	12	
43	4	13	
43	4	14	
43	4	15	
43	4	16	
43	4	17	
43	4	18	
43	4	19	
43	4	20	
43	4	21	
43	4	22	
43	4	23	
43	4	24	
43	4	25	
43	4	26	
43	4	27	
43	4	28	
43	4	29	
43	4	30	
43	4	31	
43	4	32	
43	4	33	
43	4	34	
43	4	35	
43	4	36	
43	4	37	
43	4	38	
43	4	39	
43	4	40	
43	4	41	
43	4	42	
43	4	43	
43	4	44	
43	4	45	
43	4	46	
43	4	47	
43	4	48	
43	4	49	
43	4	50	
43	4	51	
43	4	52	
43	4	53	
43	4	54	
43	5	1	
43	5	2	
43	5	3	
43	5	4	
43	5	5	
43	5	6	
43	5	7	
43	5	8	
43	5	9	
43	5	10	
43	5	11	
43	5	12	
43	5	13	
43	5	14	
43	5	15	
43	5	16	
43	5	17	
43	5	18	
43	5	19	
43	5	20	
43	5	21	
43	5	22	
43	5	23	
43	5	24	
43	5	25	
43	5	26	
43	5	27	
43	5	28	
43	5	29	
43	5	30	
43	5	31	
43	5	32	
43	5	33	
43	5	34	
43	5	35	
43	5	36	
43	5	37	
43	5	38	
43	5	39	
43	5	40	
43	5	41	
43	5	42	
43	5	43	
43	5	44	
43	5	45	
43	5	46	
43	5	47	
43	6	1	
43	6	2	
43	6	3	
43	6	4	
43	6	5	
43	6	6	
43	6	7	
43	6	8	
43	6	9	
43	6	10	
43	6	11	
43	6	12	
43	6	13	
43	6	14	
43	6	15	
43	6	16	
43	6	17	
43	6	18	
43	6	19	
43	6	20	
43	6	21	
43	6	22	
43	6	23	
43	6	24	
43	6	25	
43	6	26	
43	6	27	
43	6	28	
43	6	29	
43	6	30	
43	6	31	
43	6	32	
43	6	33	
43	6	34	
43	6	35	
43	6	36	
43	6	37	
43	6	38	
43	6	39	
43	6	40	
43	6	41	
43	6	42	
43	6	43	
43	6	44	
43	6	45	
43	6	46	
43	6	47	
43	6	48	
43	6	49	
43	6	50	
43	6	51	
43	6	52	
43	6	53	
43	6	54	
43	6	55	
43	6	56	
43	6	57	
43	6	58	
43	6	59	
43	6	60	
43	6	61	
43	6	62	
43	6	63	
43	6	64	
43	6	65	
43	6	66	
43	6	67	
43	6	68	
43	6	69	
43	6	70	
43	6	71	
43	7	1	
43	7	2	
43	7	3	
43	7	4	
43	7	5	
43	7	6	
43	7	7	
43	7	8	
43	7	9	
43	7	10	
43	7	11	
43	7	12	
43	7	13	
43	7	14	
43	7	15	
43	7	16	
43	7	17	
43	7	18	
43	7	19	
43	7	20	
43	7	21	
43	7	22	
43	7	23	
43	7	24	
43	7	25	
43	7	26	
43	7	27	
43	7	28	
43	7	29	
43	7	30	
43	7	31	
43	7	32	
43	7	33	
43	7	34	
43	7	35	
43	7	36	
43	7	37	
43	7	38	
43	7	39	
43	7	40	
43	7	41	
43	7	42	
43	7	43	
43	7	44	
43	7	45	
43	7	46	
43	7	47	
43	7	48	
43	7	49	
43	7	50	
43	7	51	
43	7	52	
43	7	53	
43	8	1	
43	8	2	
43	8	3	
43	8	4	
43	8	5	
43	8	6	
43	8	7	
43	8	8	
43	8	9	
43	8	10	
43	8	11	
43	8	12	
43	8	13	
43	8	14	
43	8	15	
43	8	16	
43	8	17	
43	8	18	
43	8	19	
43	8	20	
43	8	21	
43	8	22	
43	8	23	
43	8	24	
43	8	25	
43	8	26	
43	8	27	
43	8	28	
43	8	29	
43	8	30	
43	8	31	
43	8	32	
43	8	33	
43	8	34	
43	8	35	
43	8	36	
43	8	37	
43	8	38	
43	8	39	
43	8	40	
43	8	41	
43	8	42	
43	8	43	
43	8	44	
43	8	45	
43	8	46	
43	8	47	
43	8	48	
43	8	49	
43	8	50	
43	8	51	
43	8	52	
43	8	53	
43	8	54	
43	8	55	
43	8	56	
43	8	57	
43	8	58	
43	8	59	
43	9	1	
43	9	2	
43	9	3	
43	9	4	
43	9	5	
43	9	6	
43	9	7	
43	9	8	
43	9	9	
43	9	10	
43	9	11	
43	9	12	
43	9	13	
43	9	14	
43	9	15	
43	9	16	
43	9	17	
43	9	18	
43	9	19	
43	9	20	
43	9	21	
43	9	22	
43	9	23	
43	9	24	
43	9	25	
43	9	26	
43	9	27	
43	9	28	
43	9	29	
43	9	30	
43	9	31	
43	9	32	
43	9	33	
43	9	34	
43	9	35	
43	9	36	
43	9	37	
43	9	38	
43	9	39	
43	9	40	
43	9	41	
43	10	1	
43	10	2	
43	10	3	
43	10	4	
43	10	5	
43	10	6	
43	10	7	
43	10	8	
43	10	9	
43	10	10	
43	10	11	
43	10	12	
43	10	13	
43	10	14	
43	10	15	
43	10	16	
43	10	17	
43	10	18	
43	10	19	
43	10	20	
43	10	21	
43	10	22	
43	10	23	
43	10	24	
43	10	25	
43	10	26	
43	10	27	
43	10	28	
43	10	29	
43	10	30	
43	10	31	
43	10	32	
43	10	33	
43	10	34	
43	10	35	
43	10	36	
43	10	37	
43	10	38	
43	10	39	
43	10	40	
43	10	41	
43	10	42	
43	11	1	
43	11	2	
43	11	3	
43	11	4	
43	11	5	
43	11	6	
43	11	7	
43	11	8	
43	11	9	
43	11	10	
43	11	11	
43	11	12	
43	11	13	
43	11	14	
43	11	15	
43	11	16	
43	11	17	
43	11	18	
43	11	19	
43	11	20	
43	11	21	
43	11	22	
43	11	23	
43	11	24	
43	11	25	
43	11	26	
43	11	27	
43	11	28	
43	11	29	
43	11	30	
43	11	31	
43	11	32	
43	11	33	
43	11	34	
43	11	35	
43	11	36	
43	11	37	
43	11	38	
43	11	39	
43	11	40	
43	11	41	
43	11	42	
43	11	43	
43	11	44	
43	11	45	
43	11	46	
43	11	47	
43	11	48	
43	11	49	
43	11	50	
43	11	51	
43	11	52	
43	11	53	
43	11	54	
43	11	55	
43	11	56	
43	11	57	
43	12	1	
43	12	2	
43	12	3	
43	12	4	
43	12	5	
43	12	6	
43	12	7	
43	12	8	
43	12	9	
43	12	10	
43	12	11	
43	12	12	
43	12	13	
43	12	14	
43	12	15	
43	12	16	
43	12	17	
43	12	18	
43	12	19	
43	12	20	
43	12	21	
43	12	22	
43	12	23	
43	12	24	
43	12	25	
43	12	26	
43	12	27	
43	12	28	
43	12	29	
43	12	30	
43	12	31	
43	12	32	
43	12	33	
43	12	34	
43	12	35	
43	12	36	
43	12	37	
43	12	38	
43	12	39	
43	12	40	
43	12	41	
43	12	42	
43	12	43	
43	12	44	
43	12	45	
43	12	46	
43	12	47	
43	12	48	
43	12	49	
43	12	50	
43	13	1	
43	13	2	
43	13	3	
43	13	4	
43	13	5	
43	13	6	
43	13	7	
43	13	8	
43	13	9	
43	13	10	
43	13	11	
43	13	12	
43	13	13	
43	13	14	
43	13	15	
43	13	16	
43	13	17	
43	13	18	
43	13	19	
43	13	20	
43	13	21	
43	13	22	
43	13	23	
43	13	24	
43	13	25	
43	13	26	
43	13	27	
43	13	28	
43	13	29	
43	13	30	
43	13	31	
43	13	32	
43	13	33	
43	13	34	
43	13	35	
43	13	36	
43	13	37	
43	13	38	
43	14	1	
43	14	2	
43	14	3	
43	14	4	
43	14	5	
43	14	6	
43	14	7	
43	14	8	
43	14	9	
43	14	10	
43	14	11	
43	14	12	
43	14	13	
43	14	14	
43	14	15	
43	14	16	
43	14	17	
43	14	18	
43	14	19	
43	14	20	
43	14	21	
43	14	22	
43	14	23	
43	14	24	
43	14	25	
43	14	26	
43	14	27	
43	14	28	
43	14	29	
43	14	30	
43	14	31	
43	15	1	
43	15	2	
43	15	3	
43	15	4	
43	15	5	
43	15	6	
43	15	7	
43	15	8	
43	15	9	
43	15	10	
43	15	11	
43	15	12	
43	15	13	
43	15	14	
43	15	15	
43	15	16	
43	15	17	
43	15	18	
43	15	19	
43	15	20	
43	15	21	
43	15	22	
43	15	23	
43	15	24	
43	15	25	
43	15	26	
43	15	27	
43	16	1	
43	16	2	
43	16	3	
43	16	4	
43	16	5	
43	16	6	
43	16	7	
43	16	8	
43	16	9	
43	16	10	
43	16	11	
43	16	12	
43	16	13	
43	16	14	
43	16	15	
43	16	16	
43	16	17	
43	16	18	
43	16	19	
43	16	20	
43	16	21	
43	16	22	
43	16	23	
43	16	24	
43	16	25	
43	16	26	
43	16	27	
43	16	28	
43	16	29	
43	16	30	
43	16	31	
43	16	32	
43	16	33	
43	17	1	
43	17	2	
43	17	3	
43	17	4	
43	17	5	
43	17	6	
43	17	7	
43	17	8	
43	17	9	
43	17	10	
43	17	11	
43	17	12	
43	17	13	
43	17	14	
43	17	15	
43	17	16	
43	17	17	
43	17	18	
43	17	19	
43	17	20	
43	17	21	
43	17	22	
43	17	23	
43	17	24	
43	17	25	
43	17	26	
43	18	1	
43	18	2	
43	18	3	
43	18	4	
43	18	5	
43	18	6	
43	18	7	
43	18	8	
43	18	9	
43	18	10	
43	18	11	
43	18	12	
43	18	13	
43	18	14	
43	18	15	
43	18	16	
43	18	17	
43	18	18	
43	18	19	
43	18	20	
43	18	21	
43	18	22	
43	18	23	
43	18	24	
43	18	25	
43	18	26	
43	18	27	
43	18	28	
43	18	29	
43	18	30	
43	18	31	
43	18	32	
43	18	33	
43	18	34	
43	18	35	
43	18	36	
43	18	37	
43	18	38	
43	18	39	
43	18	40	
43	19	1	
43	19	2	
43	19	3	
43	19	4	
43	19	5	
43	19	6	
43	19	7	
43	19	8	
43	19	9	
43	19	10	
43	19	11	
43	19	12	
43	19	13	
43	19	14	
43	19	15	
43	19	16	
43	19	17	
43	19	18	
43	19	19	
43	19	20	
43	19	21	
43	19	22	
43	19	23	
43	19	24	
43	19	25	
43	19	26	
43	19	27	
43	19	28	
43	19	29	
43	19	30	
43	19	31	
43	19	32	
43	19	33	
43	19	34	
43	19	35	
43	19	36	
43	19	37	
43	19	38	
43	19	39	
43	19	40	
43	19	41	
43	19	42	
43	20	1	
43	20	2	
43	20	3	
43	20	4	
43	20	5	
43	20	6	
43	20	7	
43	20	8	
43	20	9	
43	20	10	
43	20	11	
43	20	12	
43	20	13	
43	20	14	
43	20	15	
43	20	16	
43	20	17	
43	20	18	
43	20	19	
43	20	20	
43	20	21	
43	20	22	
43	20	23	
43	20	24	
43	20	25	
43	20	26	
43	20	27	
43	20	28	
43	20	29	
43	20	30	
43	20	31	
43	21	1	
43	21	2	
43	21	3	
43	21	4	
43	21	5	
43	21	6	
43	21	7	
43	21	8	
43	21	9	
43	21	10	
43	21	11	
43	21	12	
43	21	13	
43	21	14	
43	21	15	
43	21	16	
43	21	17	
43	21	18	
43	21	19	
43	21	20	
43	21	21	
43	21	22	
43	21	23	
43	21	24	
43	21	25	
44	1	1	
44	1	2	
44	1	3	
44	1	4	
44	1	5	
44	1	6	
44	1	7	
44	1	8	
44	1	9	
44	1	10	
44	1	11	
44	1	12	
44	1	13	
44	1	14	
44	1	15	
44	1	16	
44	1	17	
44	1	18	
44	1	19	
44	1	20	
44	1	21	
44	1	22	
44	1	23	
44	1	24	
44	1	25	
44	1	26	
44	2	1	
44	2	2	
44	2	3	
44	2	4	
44	2	5	
44	2	6	
44	2	7	
44	2	8	
44	2	9	
44	2	10	
44	2	11	
44	2	12	
44	2	13	
44	2	14	
44	2	15	
44	2	16	
44	2	17	
44	2	18	
44	2	19	
44	2	20	
44	2	21	
44	2	22	
44	2	23	
44	2	24	
44	2	25	
44	2	26	
44	2	27	
44	2	28	
44	2	29	
44	2	30	
44	2	31	
44	2	32	
44	2	33	
44	2	34	
44	2	35	
44	2	36	
44	2	37	
44	2	38	
44	2	39	
44	2	40	
44	2	41	
44	2	42	
44	2	43	
44	2	44	
44	2	45	
44	2	46	
44	2	47	
44	3	1	
44	3	2	
44	3	3	
44	3	4	
44	3	5	
44	3	6	
44	3	7	
44	3	8	
44	3	9	
44	3	10	
44	3	11	
44	3	12	
44	3	13	
44	3	14	
44	3	15	
44	3	16	
44	3	17	
44	3	18	
44	3	19	
44	3	20	
44	3	21	
44	3	22	
44	3	23	
44	3	24	
44	3	25	
44	3	26	
44	4	1	
44	4	2	
44	4	3	
44	4	4	
44	4	5	
44	4	6	
44	4	7	
44	4	8	
44	4	9	
44	4	10	
44	4	11	
44	4	12	
44	4	13	
44	4	14	
44	4	15	
44	4	16	
44	4	17	
44	4	18	
44	4	19	
44	4	20	
44	4	21	
44	4	22	
44	4	23	
44	4	24	
44	4	25	
44	4	26	
44	4	27	
44	4	28	
44	4	29	
44	4	30	
44	4	31	
44	4	32	
44	4	33	
44	4	34	
44	4	35	
44	4	36	
44	4	37	
44	5	1	
44	5	2	
44	5	3	
44	5	4	
44	5	5	
44	5	6	
44	5	7	
44	5	8	
44	5	9	
44	5	10	
44	5	11	
44	5	12	
44	5	13	
44	5	14	
44	5	15	
44	5	16	
44	5	17	
44	5	18	
44	5	19	
44	5	20	
44	5	21	
44	5	22	
44	5	23	
44	5	24	
44	5	25	
44	5	26	
44	5	27	
44	5	28	
44	5	29	
44	5	30	
44	5	31	
44	5	32	
44	5	33	
44	5	34	
44	5	35	
44	5	36	
44	5	37	
44	5	38	
44	5	39	
44	5	40	
44	5	41	
44	5	42	
44	6	1	
44	6	2	
44	6	3	
44	6	4	
44	6	5	
44	6	6	
44	6	7	
44	6	8	
44	6	9	
44	6	10	
44	6	11	
44	6	12	
44	6	13	
44	6	14	
44	6	15	
44	7	1	
44	7	2	
44	7	3	
44	7	4	
44	7	5	
44	7	6	
44	7	7	
44	7	8	
44	7	9	
44	7	10	
44	7	11	
44	7	12	
44	7	13	
44	7	14	
44	7	15	
44	7	16	
44	7	17	
44	7	18	
44	7	19	
44	7	20	
44	7	21	
44	7	22	
44	7	23	
44	7	24	
44	7	25	
44	7	26	
44	7	27	
44	7	28	
44	7	29	
44	7	30	
44	7	31	
44	7	32	
44	7	33	
44	7	34	
44	7	35	
44	7	36	
44	7	37	
44	7	38	
44	7	39	
44	7	40	
44	7	41	
44	7	42	
44	7	43	
44	7	44	
44	7	45	
44	7	46	
44	7	47	
44	7	48	
44	7	49	
44	7	50	
44	7	51	
44	7	52	
44	7	53	
44	7	54	
44	7	55	
44	7	56	
44	7	57	
44	7	58	
44	7	59	
44	7	60	
44	8	1	
44	8	2	
44	8	3	
44	8	4	
44	8	5	
44	8	6	
44	8	7	
44	8	8	
44	8	9	
44	8	10	
44	8	11	
44	8	12	
44	8	13	
44	8	14	
44	8	15	
44	8	16	
44	8	17	
44	8	18	
44	8	19	
44	8	20	
44	8	21	
44	8	22	
44	8	23	
44	8	24	
44	8	25	
44	8	26	
44	8	27	
44	8	28	
44	8	29	
44	8	30	
44	8	31	
44	8	32	
44	8	33	
44	8	34	
44	8	35	
44	8	36	
44	8	37	
44	8	38	
44	8	39	
44	8	40	
44	9	1	
44	9	2	
44	9	3	
44	9	4	
44	9	5	
44	9	6	
44	9	7	
44	9	8	
44	9	9	
44	9	10	
44	9	11	
44	9	12	
44	9	13	
44	9	14	
44	9	15	
44	9	16	
44	9	17	
44	9	18	
44	9	19	
44	9	20	
44	9	21	
44	9	22	
44	9	23	
44	9	24	
44	9	25	
44	9	26	
44	9	27	
44	9	28	
44	9	29	
44	9	30	
44	9	31	
44	9	32	
44	9	33	
44	9	34	
44	9	35	
44	9	36	
44	9	37	
44	9	38	
44	9	39	
44	9	40	
44	9	41	
44	9	42	
44	9	43	
44	10	1	
44	10	2	
44	10	3	
44	10	4	
44	10	5	
44	10	6	
44	10	7	
44	10	8	
44	10	9	
44	10	10	
44	10	11	
44	10	12	
44	10	13	
44	10	14	
44	10	15	
44	10	16	
44	10	17	
44	10	18	
44	10	19	
44	10	20	
44	10	21	
44	10	22	
44	10	23	
44	10	24	
44	10	25	
44	10	26	
44	10	27	
44	10	28	
44	10	29	
44	10	30	
44	10	31	
44	10	32	
44	10	33	
44	10	34	
44	10	35	
44	10	36	
44	10	37	
44	10	38	
44	10	39	
44	10	40	
44	10	41	
44	10	42	
44	10	43	
44	10	44	
44	10	45	
44	10	46	
44	10	47	
44	10	48	
44	11	1	
44	11	2	
44	11	3	
44	11	4	
44	11	5	
44	11	6	
44	11	7	
44	11	8	
44	11	9	
44	11	10	
44	11	11	
44	11	12	
44	11	13	
44	11	14	
44	11	15	
44	11	16	
44	11	17	
44	11	18	
44	11	19	
44	11	20	
44	11	21	
44	11	22	
44	11	23	
44	11	24	
44	11	25	
44	11	26	
44	11	27	
44	11	28	
44	11	29	
44	11	30	
44	12	1	
44	12	2	
44	12	3	
44	12	4	
44	12	5	
44	12	6	
44	12	7	
44	12	8	
44	12	9	
44	12	10	
44	12	11	
44	12	12	
44	12	13	
44	12	14	
44	12	15	
44	12	16	
44	12	17	
44	12	18	
44	12	19	
44	12	20	
44	12	21	
44	12	22	
44	12	23	
44	12	24	
44	12	25	
44	13	1	
44	13	2	
44	13	3	
44	13	4	
44	13	5	
44	13	6	
44	13	7	
44	13	8	
44	13	9	
44	13	10	
44	13	11	
44	13	12	
44	13	13	
44	13	14	
44	13	15	
44	13	16	
44	13	17	
44	13	18	
44	13	19	
44	13	20	
44	13	21	
44	13	22	
44	13	23	
44	13	24	
44	13	25	
44	13	26	
44	13	27	
44	13	28	
44	13	29	
44	13	30	
44	13	31	
44	13	32	
44	13	33	
44	13	34	
44	13	35	
44	13	36	
44	13	37	
44	13	38	
44	13	39	
44	13	40	
44	13	41	
44	13	42	
44	13	43	
44	13	44	
44	13	45	
44	13	46	
44	13	47	
44	13	48	
44	13	49	
44	13	50	
44	13	51	
44	13	52	
44	14	1	
44	14	2	
44	14	3	
44	14	4	
44	14	5	
44	14	6	
44	14	7	
44	14	8	
44	14	9	
44	14	10	
44	14	11	
44	14	12	
44	14	13	
44	14	14	
44	14	15	
44	14	16	
44	14	17	
44	14	18	
44	14	19	
44	14	20	
44	14	21	
44	14	22	
44	14	23	
44	14	24	
44	14	25	
44	14	26	
44	14	27	
44	14	28	
44	15	1	
44	15	2	
44	15	3	
44	15	4	
44	15	5	
44	15	6	
44	15	7	
44	15	8	
44	15	9	
44	15	10	
44	15	11	
44	15	12	
44	15	13	
44	15	14	
44	15	15	
44	15	16	
44	15	17	
44	15	18	
44	15	19	
44	15	20	
44	15	21	
44	15	22	
44	15	23	
44	15	24	
44	15	25	
44	15	26	
44	15	27	
44	15	28	
44	15	29	
44	15	30	
44	15	31	
44	15	32	
44	15	33	
44	15	34	
44	15	35	
44	15	36	
44	15	37	
44	15	38	
44	15	39	
44	15	40	
44	15	41	
44	16	1	
44	16	2	
44	16	3	
44	16	4	
44	16	5	
44	16	6	
44	16	7	
44	16	8	
44	16	9	
44	16	10	
44	16	11	
44	16	12	
44	16	13	
44	16	14	
44	16	15	
44	16	16	
44	16	17	
44	16	18	
44	16	19	
44	16	20	
44	16	21	
44	16	22	
44	16	23	
44	16	24	
44	16	25	
44	16	26	
44	16	27	
44	16	28	
44	16	29	
44	16	30	
44	16	31	
44	16	32	
44	16	33	
44	16	34	
44	16	35	
44	16	36	
44	16	37	
44	16	38	
44	16	39	
44	16	40	
44	17	1	
44	17	2	
44	17	3	
44	17	4	
44	17	5	
44	17	6	
44	17	7	
44	17	8	
44	17	9	
44	17	10	
44	17	11	
44	17	12	
44	17	13	
44	17	14	
44	17	15	
44	17	16	
44	17	17	
44	17	18	
44	17	19	
44	17	20	
44	17	21	
44	17	22	
44	17	23	
44	17	24	
44	17	25	
44	17	26	
44	17	27	
44	17	28	
44	17	29	
44	17	30	
44	17	31	
44	17	32	
44	17	33	
44	17	34	
44	18	1	
44	18	2	
44	18	3	
44	18	4	
44	18	5	
44	18	6	
44	18	7	
44	18	8	
44	18	9	
44	18	10	
44	18	11	
44	18	12	
44	18	13	
44	18	14	
44	18	15	
44	18	16	
44	18	17	
44	18	18	
44	18	19	
44	18	20	
44	18	21	
44	18	22	
44	18	23	
44	18	24	
44	18	25	
44	18	26	
44	18	27	
44	18	28	
44	19	1	
44	19	2	
44	19	3	
44	19	4	
44	19	5	
44	19	6	
44	19	7	
44	19	8	
44	19	9	
44	19	10	
44	19	11	
44	19	12	
44	19	13	
44	19	14	
44	19	15	
44	19	16	
44	19	17	
44	19	18	
44	19	19	
44	19	20	
44	19	21	
44	19	22	
44	19	23	
44	19	24	
44	19	25	
44	19	26	
44	19	27	
44	19	28	
44	19	29	
44	19	30	
44	19	31	
44	19	32	
44	19	33	
44	19	34	
44	19	35	
44	19	36	
44	19	37	
44	19	38	
44	19	39	
44	19	40	
44	19	41	
44	20	1	
44	20	2	
44	20	3	
44	20	4	
44	20	5	
44	20	6	
44	20	7	
44	20	8	
44	20	9	
44	20	10	
44	20	11	
44	20	12	
44	20	13	
44	20	14	
44	20	15	
44	20	16	
44	20	17	
44	20	18	
44	20	19	
44	20	20	
44	20	21	
44	20	22	
44	20	23	
44	20	24	
44	20	25	
44	20	26	
44	20	27	
44	20	28	
44	20	29	
44	20	30	
44	20	31	
44	20	32	
44	20	33	
44	20	34	
44	20	35	
44	20	36	
44	20	37	
44	20	38	
44	21	1	
44	21	2	
44	21	3	
44	21	4	
44	21	5	
44	21	6	
44	21	7	
44	21	8	
44	21	9	
44	21	10	
44	21	11	
44	21	12	
44	21	13	
44	21	14	
44	21	15	
44	21	16	
44	21	17	
44	21	18	
44	21	19	
44	21	20	
44	21	21	
44	21	22	
44	21	23	
44	21	24	
44	21	25	
44	21	26	
44	21	27	
44	21	28	
44	21	29	
44	21	30	
44	21	31	
44	21	32	
44	21	33	
44	21	34	
44	21	35	
44	21	36	
44	21	37	
44	21	38	
44	21	39	
44	21	40	
44	22	1	
44	22	2	
44	22	3	
44	22	4	
44	22	5	
44	22	6	
44	22	7	
44	22	8	
44	22	9	
44	22	10	
44	22	11	
44	22	12	
44	22	13	
44	22	14	
44	22	15	
44	22	16	
44	22	17	
44	22	18	
44	22	19	
44	22	20	
44	22	21	
44	22	22	
44	22	23	
44	22	24	
44	22	25	
44	22	26	
44	22	27	
44	22	28	
44	22	29	
44	22	30	
44	23	1	
44	23	2	
44	23	3	
44	23	4	
44	23	5	
44	23	6	
44	23	7	
44	23	8	
44	23	9	
44	23	10	
44	23	11	
44	23	12	
44	23	13	
44	23	14	
44	23	15	
44	23	16	
44	23	17	
44	23	18	
44	23	19	
44	23	20	
44	23	21	
44	23	22	
44	23	23	
44	23	24	
44	23	25	
44	23	26	
44	23	27	
44	23	28	
44	23	29	
44	23	30	
44	23	31	
44	23	32	
44	23	33	
44	23	34	
44	23	35	
44	24	1	
44	24	2	
44	24	3	
44	24	4	
44	24	5	
44	24	6	
44	24	7	
44	24	8	
44	24	9	
44	24	10	
44	24	11	
44	24	12	
44	24	13	
44	24	14	
44	24	15	
44	24	16	
44	24	17	
44	24	18	
44	24	19	
44	24	20	
44	24	21	
44	24	22	
44	24	23	
44	24	24	
44	24	25	
44	24	26	
44	24	27	
44	25	1	
44	25	2	
44	25	3	
44	25	4	
44	25	5	
44	25	6	
44	25	7	
44	25	8	
44	25	9	
44	25	10	
44	25	11	
44	25	12	
44	25	13	
44	25	14	
44	25	15	
44	25	16	
44	25	17	
44	25	18	
44	25	19	
44	25	20	
44	25	21	
44	25	22	
44	25	23	
44	25	24	
44	25	25	
44	25	26	
44	25	27	
44	26	1	
44	26	2	
44	26	3	
44	26	4	
44	26	5	
44	26	6	
44	26	7	
44	26	8	
44	26	9	
44	26	10	
44	26	11	
44	26	12	
44	26	13	
44	26	14	
44	26	15	
44	26	16	
44	26	17	
44	26	18	
44	26	19	
44	26	20	
44	26	21	
44	26	22	
44	26	23	
44	26	24	
44	26	25	
44	26	26	
44	26	27	
44	26	28	
44	26	29	
44	26	30	
44	26	31	
44	26	32	
44	27	1	
44	27	2	
44	27	3	
44	27	4	
44	27	5	
44	27	6	
44	27	7	
44	27	8	
44	27	9	
44	27	10	
44	27	11	
44	27	12	
44	27	13	
44	27	14	
44	27	15	
44	27	16	
44	27	17	
44	27	18	
44	27	19	
44	27	20	
44	27	21	
44	27	22	
44	27	23	
44	27	24	
44	27	25	
44	27	26	
44	27	27	
44	27	28	
44	27	29	
44	27	30	
44	27	31	
44	27	32	
44	27	33	
44	27	34	
44	27	35	
44	27	36	
44	27	37	
44	27	38	
44	27	39	
44	27	40	
44	27	41	
44	27	42	
44	27	43	
44	27	44	
44	28	1	
44	28	2	
44	28	3	
44	28	4	
44	28	5	
44	28	6	
44	28	7	
44	28	8	
44	28	9	
44	28	10	
44	28	11	
44	28	12	
44	28	13	
44	28	14	
44	28	15	
44	28	16	
44	28	17	
44	28	18	
44	28	19	
44	28	20	
44	28	21	
44	28	22	
44	28	23	
44	28	24	
44	28	25	
44	28	26	
44	28	27	
44	28	28	
44	28	29	
44	28	30	
44	28	31	
45	1	1	
45	1	2	
45	1	3	
45	1	4	
45	1	5	
45	1	6	
45	1	7	
45	1	8	
45	1	9	
45	1	10	
45	1	11	
45	1	12	
45	1	13	
45	1	14	
45	1	15	
45	1	16	
45	1	17	
45	1	18	
45	1	19	
45	1	20	
45	1	21	
45	1	22	
45	1	23	
45	1	24	
45	1	25	
45	1	26	
45	1	27	
45	1	28	
45	1	29	
45	1	30	
45	1	31	
45	1	32	
45	2	1	
45	2	2	
45	2	3	
45	2	4	
45	2	5	
45	2	6	
45	2	7	
45	2	8	
45	2	9	
45	2	10	
45	2	11	
45	2	12	
45	2	13	
45	2	14	
45	2	15	
45	2	16	
45	2	17	
45	2	18	
45	2	19	
45	2	20	
45	2	21	
45	2	22	
45	2	23	
45	2	24	
45	2	25	
45	2	26	
45	2	27	
45	2	28	
45	2	29	
45	3	1	
45	3	2	
45	3	3	
45	3	4	
45	3	5	
45	3	6	
45	3	7	
45	3	8	
45	3	9	
45	3	10	
45	3	11	
45	3	12	
45	3	13	
45	3	14	
45	3	15	
45	3	16	
45	3	17	
45	3	18	
45	3	19	
45	3	20	
45	3	21	
45	3	22	
45	3	23	
45	3	24	
45	3	25	
45	3	26	
45	3	27	
45	3	28	
45	3	29	
45	3	30	
45	3	31	
45	4	1	
45	4	2	
45	4	3	
45	4	4	
45	4	5	
45	4	6	
45	4	7	
45	4	8	
45	4	9	
45	4	10	
45	4	11	
45	4	12	
45	4	13	
45	4	14	
45	4	15	
45	4	16	
45	4	17	
45	4	18	
45	4	19	
45	4	20	
45	4	21	
45	4	22	
45	4	23	
45	4	24	
45	4	25	
45	5	1	
45	5	2	
45	5	3	
45	5	4	
45	5	5	
45	5	6	
45	5	7	
45	5	8	
45	5	9	
45	5	10	
45	5	11	
45	5	12	
45	5	13	
45	5	14	
45	5	15	
45	5	16	
45	5	17	
45	5	18	
45	5	19	
45	5	20	
45	5	21	
45	6	1	
45	6	2	
45	6	3	
45	6	4	
45	6	5	
45	6	6	
45	6	7	
45	6	8	
45	6	9	
45	6	10	
45	6	11	
45	6	12	
45	6	13	
45	6	14	
45	6	15	
45	6	16	
45	6	17	
45	6	18	
45	6	19	
45	6	20	
45	6	21	
45	6	22	
45	6	23	
45	7	1	
45	7	2	
45	7	3	
45	7	4	
45	7	5	
45	7	6	
45	7	7	
45	7	8	
45	7	9	
45	7	10	
45	7	11	
45	7	12	
45	7	13	
45	7	14	
45	7	15	
45	7	16	
45	7	17	
45	7	18	
45	7	19	
45	7	20	
45	7	21	
45	7	22	
45	7	23	
45	7	24	
45	7	25	
45	8	1	
45	8	2	
45	8	3	
45	8	4	
45	8	5	
45	8	6	
45	8	7	
45	8	8	
45	8	9	
45	8	10	
45	8	11	
45	8	12	
45	8	13	
45	8	14	
45	8	15	
45	8	16	
45	8	17	
45	8	18	
45	8	19	
45	8	20	
45	8	21	
45	8	22	
45	8	23	
45	8	24	
45	8	25	
45	8	26	
45	8	27	
45	8	28	
45	8	29	
45	8	30	
45	8	31	
45	8	32	
45	8	33	
45	8	34	
45	8	35	
45	8	36	
45	8	37	
45	8	38	
45	8	39	
45	9	1	
45	9	2	
45	9	3	
45	9	4	
45	9	5	
45	9	6	
45	9	7	
45	9	8	
45	9	9	
45	9	10	
45	9	11	
45	9	12	
45	9	13	
45	9	14	
45	9	15	
45	9	16	
45	9	17	
45	9	18	
45	9	19	
45	9	20	
45	9	21	
45	9	22	
45	9	23	
45	9	24	
45	9	25	
45	9	26	
45	9	27	
45	9	28	
45	9	29	
45	9	30	
45	9	31	
45	9	32	
45	9	33	
45	10	1	
45	10	2	
45	10	3	
45	10	4	
45	10	5	
45	10	6	
45	10	7	
45	10	8	
45	10	9	
45	10	10	
45	10	11	
45	10	12	
45	10	13	
45	10	14	
45	10	15	
45	10	16	
45	10	17	
45	10	18	
45	10	19	
45	10	20	
45	10	21	
45	11	1	
45	11	2	
45	11	3	
45	11	4	
45	11	5	
45	11	6	
45	11	7	
45	11	8	
45	11	9	
45	11	10	
45	11	11	
45	11	12	
45	11	13	
45	11	14	
45	11	15	
45	11	16	
45	11	17	
45	11	18	
45	11	19	
45	11	20	
45	11	21	
45	11	22	
45	11	23	
45	11	24	
45	11	25	
45	11	26	
45	11	27	
45	11	28	
45	11	29	
45	11	30	
45	11	31	
45	11	32	
45	11	33	
45	11	34	
45	11	35	
45	11	36	
45	12	1	
45	12	2	
45	12	3	
45	12	4	
45	12	5	
45	12	6	
45	12	7	
45	12	8	
45	12	9	
45	12	10	
45	12	11	
45	12	12	
45	12	13	
45	12	14	
45	12	15	
45	12	16	
45	12	17	
45	12	18	
45	12	19	
45	12	20	
45	12	21	
45	13	1	
45	13	2	
45	13	3	
45	13	4	
45	13	5	
45	13	6	
45	13	7	
45	13	8	
45	13	9	
45	13	10	
45	13	11	
45	13	12	
45	13	13	
45	13	14	
45	14	1	
45	14	2	
45	14	3	
45	14	4	
45	14	5	
45	14	6	
45	14	7	
45	14	8	
45	14	9	
45	14	10	
45	14	11	
45	14	12	
45	14	13	
45	14	14	
45	14	15	
45	14	16	
45	14	17	
45	14	18	
45	14	19	
45	14	20	
45	14	21	
45	14	22	
45	14	23	
45	15	1	
45	15	2	
45	15	3	
45	15	4	
45	15	5	
45	15	6	
45	15	7	
45	15	8	
45	15	9	
45	15	10	
45	15	11	
45	15	12	
45	15	13	
45	15	14	
45	15	15	
45	15	16	
45	15	17	
45	15	18	
45	15	19	
45	15	20	
45	15	21	
45	15	22	
45	15	23	
45	15	24	
45	15	25	
45	15	26	
45	15	27	
45	15	28	
45	15	29	
45	15	30	
45	15	31	
45	15	32	
45	15	33	
45	16	1	
45	16	2	
45	16	3	
45	16	4	
45	16	5	
45	16	6	
45	16	7	
45	16	8	
45	16	9	
45	16	10	
45	16	11	
45	16	12	
45	16	13	
45	16	14	
45	16	15	
45	16	16	
45	16	17	
45	16	18	
45	16	19	
45	16	20	
45	16	21	
45	16	22	
45	16	23	
45	16	24	
45	16	25	
45	16	26	
45	16	27	
46	1	1	
46	1	2	
46	1	3	
46	1	4	
46	1	5	
46	1	6	
46	1	7	
46	1	8	
46	1	9	
46	1	10	
46	1	11	
46	1	12	
46	1	13	
46	1	14	
46	1	15	
46	1	16	
46	1	17	
46	1	18	
46	1	19	
46	1	20	
46	1	21	
46	1	22	
46	1	23	
46	1	24	
46	1	25	
46	1	26	
46	1	27	
46	1	28	
46	1	29	
46	1	30	
46	1	31	
46	2	1	
46	2	2	
46	2	3	
46	2	4	
46	2	5	
46	2	6	
46	2	7	
46	2	8	
46	2	9	
46	2	10	
46	2	11	
46	2	12	
46	2	13	
46	2	14	
46	2	15	
46	2	16	
46	3	1	
46	3	2	
46	3	3	
46	3	4	
46	3	5	
46	3	6	
46	3	7	
46	3	8	
46	3	9	
46	3	10	
46	3	11	
46	3	12	
46	3	13	
46	3	14	
46	3	15	
46	3	16	
46	3	17	
46	3	18	
46	3	19	
46	3	20	
46	3	21	
46	3	22	
46	3	23	
46	4	1	
46	4	2	
46	4	3	
46	4	4	
46	4	5	
46	4	6	
46	4	7	
46	4	8	
46	4	9	
46	4	10	
46	4	11	
46	4	12	
46	4	13	
46	4	14	
46	4	15	
46	4	16	
46	4	17	
46	4	18	
46	4	19	
46	4	20	
46	4	21	
46	5	1	
46	5	2	
46	5	3	
46	5	4	
46	5	5	
46	5	6	
46	5	7	
46	5	8	
46	5	9	
46	5	10	
46	5	11	
46	5	12	
46	5	13	
46	6	1	
46	6	2	
46	6	3	
46	6	4	
46	6	5	
46	6	6	
46	6	7	
46	6	8	
46	6	9	
46	6	10	
46	6	11	
46	6	12	
46	6	13	
46	6	14	
46	6	15	
46	6	16	
46	6	17	
46	6	18	
46	6	19	
46	6	20	
46	7	1	
46	7	2	
46	7	3	
46	7	4	
46	7	5	
46	7	6	
46	7	7	
46	7	8	
46	7	9	
46	7	10	
46	7	11	
46	7	12	
46	7	13	
46	7	14	
46	7	15	
46	7	16	
46	7	17	
46	7	18	
46	7	19	
46	7	20	
46	7	21	
46	7	22	
46	7	23	
46	7	24	
46	7	25	
46	7	26	
46	7	27	
46	7	28	
46	7	29	
46	7	30	
46	7	31	
46	7	32	
46	7	33	
46	7	34	
46	7	35	
46	7	36	
46	7	37	
46	7	38	
46	7	39	
46	7	40	
46	8	1	
46	8	2	
46	8	3	
46	8	4	
46	8	5	
46	8	6	
46	8	7	
46	8	8	
46	8	9	
46	8	10	
46	8	11	
46	8	12	
46	8	13	
46	9	1	
46	9	2	
46	9	3	
46	9	4	
46	9	5	
46	9	6	
46	9	7	
46	9	8	
46	9	9	
46	9	10	
46	9	11	
46	9	12	
46	9	13	
46	9	14	
46	9	15	
46	9	16	
46	9	17	
46	9	18	
46	9	19	
46	9	20	
46	9	21	
46	9	22	
46	9	23	
46	9	24	
46	9	25	
46	9	26	
46	9	27	
46	10	1	
46	10	2	
46	10	3	
46	10	4	
46	10	5	
46	10	6	
46	10	7	
46	10	8	
46	10	9	
46	10	10	
46	10	11	
46	10	12	
46	10	13	
46	10	14	
46	10	15	
46	10	16	
46	10	17	
46	10	18	
46	10	19	
46	10	20	
46	10	21	
46	10	22	
46	10	23	
46	10	24	
46	10	25	
46	10	26	
46	10	27	
46	10	28	
46	10	29	
46	10	30	
46	10	31	
46	10	32	
46	10	33	
46	11	1	
46	11	2	
46	11	3	
46	11	4	
46	11	5	
46	11	6	
46	11	7	
46	11	8	
46	11	9	
46	11	10	
46	11	11	
46	11	12	
46	11	13	
46	11	14	
46	11	15	
46	11	16	
46	11	17	
46	11	18	
46	11	19	
46	11	20	
46	11	21	
46	11	22	
46	11	23	
46	11	24	
46	11	25	
46	11	26	
46	11	27	
46	11	28	
46	11	29	
46	11	30	
46	11	31	
46	11	32	
46	11	33	
46	11	34	
46	12	1	
46	12	2	
46	12	3	
46	12	4	
46	12	5	
46	12	6	
46	12	7	
46	12	8	
46	12	9	
46	12	10	
46	12	11	
46	12	12	
46	12	13	
46	12	14	
46	12	15	
46	12	16	
46	12	17	
46	12	18	
46	12	19	
46	12	20	
46	12	21	
46	12	22	
46	12	23	
46	12	24	
46	12	25	
46	12	26	
46	12	27	
46	12	28	
46	12	29	
46	12	30	
46	12	31	
46	13	1	
46	13	2	
46	13	3	
46	13	4	
46	13	5	
46	13	6	
46	13	7	
46	13	8	
46	13	9	
46	13	10	
46	13	11	
46	13	12	
46	13	13	
46	14	1	
46	14	2	
46	14	3	
46	14	4	
46	14	5	
46	14	6	
46	14	7	
46	14	8	
46	14	9	
46	14	10	
46	14	11	
46	14	12	
46	14	13	
46	14	14	
46	14	15	
46	14	16	
46	14	17	
46	14	18	
46	14	19	
46	14	20	
46	14	21	
46	14	22	
46	14	23	
46	14	24	
46	14	25	
46	14	26	
46	14	27	
46	14	28	
46	14	29	
46	14	30	
46	14	31	
46	14	32	
46	14	33	
46	14	34	
46	14	35	
46	14	36	
46	14	37	
46	14	38	
46	14	39	
46	14	40	
46	15	1	
46	15	2	
46	15	3	
46	15	4	
46	15	5	
46	15	6	
46	15	7	
46	15	8	
46	15	9	
46	15	10	
46	15	11	
46	15	12	
46	15	13	
46	15	14	
46	15	15	
46	15	16	
46	15	17	
46	15	18	
46	15	19	
46	15	20	
46	15	21	
46	15	22	
46	15	23	
46	15	24	
46	15	25	
46	15	26	
46	15	27	
46	15	28	
46	15	29	
46	15	30	
46	15	31	
46	15	32	
46	15	33	
46	15	34	
46	15	35	
46	15	36	
46	15	37	
46	15	38	
46	15	39	
46	15	40	
46	15	41	
46	15	42	
46	15	43	
46	15	44	
46	15	45	
46	15	46	
46	15	47	
46	15	48	
46	15	49	
46	15	50	
46	15	51	
46	15	52	
46	15	53	
46	15	54	
46	15	55	
46	15	56	
46	15	57	
46	15	58	
46	16	1	
46	16	2	
46	16	3	
46	16	4	
46	16	5	
46	16	6	
46	16	7	
46	16	8	
46	16	9	
46	16	10	
46	16	11	
46	16	12	
46	16	13	
46	16	14	
46	16	15	
46	16	16	
46	16	17	
46	16	18	
46	16	19	
46	16	20	
46	16	21	
46	16	22	
46	16	23	
46	16	24	
47	1	1	
47	1	2	
47	1	3	
47	1	4	
47	1	5	
47	1	6	
47	1	7	
47	1	8	
47	1	9	
47	1	10	
47	1	11	
47	1	12	
47	1	13	
47	1	14	
47	1	15	
47	1	16	
47	1	17	
47	1	18	
47	1	19	
47	1	20	
47	1	21	
47	1	22	
47	1	23	
47	1	24	
47	2	1	
47	2	2	
47	2	3	
47	2	4	
47	2	5	
47	2	6	
47	2	7	
47	2	8	
47	2	9	
47	2	10	
47	2	11	
47	2	12	
47	2	13	
47	2	14	
47	2	15	
47	2	16	
47	2	17	
47	3	1	
47	3	2	
47	3	3	
47	3	4	
47	3	5	
47	3	6	
47	3	7	
47	3	8	
47	3	9	
47	3	10	
47	3	11	
47	3	12	
47	3	13	
47	3	14	
47	3	15	
47	3	16	
47	3	17	
47	3	18	
47	4	1	
47	4	2	
47	4	3	
47	4	4	
47	4	5	
47	4	6	
47	4	7	
47	4	8	
47	4	9	
47	4	10	
47	4	11	
47	4	12	
47	4	13	
47	4	14	
47	4	15	
47	4	16	
47	4	17	
47	4	18	
47	5	1	
47	5	2	
47	5	3	
47	5	4	
47	5	5	
47	5	6	
47	5	7	
47	5	8	
47	5	9	
47	5	10	
47	5	11	
47	5	12	
47	5	13	
47	5	14	
47	5	15	
47	5	16	
47	5	17	
47	5	18	
47	5	19	
47	5	20	
47	5	21	
47	6	1	
47	6	2	
47	6	3	
47	6	4	
47	6	5	
47	6	6	
47	6	7	
47	6	8	
47	6	9	
47	6	10	
47	6	11	
47	6	12	
47	6	13	
47	6	14	
47	6	15	
47	6	16	
47	6	17	
47	6	18	
47	7	1	
47	7	2	
47	7	3	
47	7	4	
47	7	5	
47	7	6	
47	7	7	
47	7	8	
47	7	9	
47	7	10	
47	7	11	
47	7	12	
47	7	13	
47	7	14	
47	7	15	
47	7	16	
47	8	1	
47	8	2	
47	8	3	
47	8	4	
47	8	5	
47	8	6	
47	8	7	
47	8	8	
47	8	9	
47	8	10	
47	8	11	
47	8	12	
47	8	13	
47	8	14	
47	8	15	
47	8	16	
47	8	17	
47	8	18	
47	8	19	
47	8	20	
47	8	21	
47	8	22	
47	8	23	
47	8	24	
47	9	1	
47	9	2	
47	9	3	
47	9	4	
47	9	5	
47	9	6	
47	9	7	
47	9	8	
47	9	9	
47	9	10	
47	9	11	
47	9	12	
47	9	13	
47	9	14	
47	9	15	
47	10	1	
47	10	2	
47	10	3	
47	10	4	
47	10	5	
47	10	6	
47	10	7	
47	10	8	
47	10	9	
47	10	10	
47	10	11	
47	10	12	
47	10	13	
47	10	14	
47	10	15	
47	10	16	
47	10	17	
47	10	18	
47	11	1	
47	11	2	
47	11	3	
47	11	4	
47	11	5	
47	11	6	
47	11	7	
47	11	8	
47	11	9	
47	11	10	
47	11	11	
47	11	12	
47	11	13	
47	11	14	
47	11	15	
47	11	16	
47	11	17	
47	11	18	
47	11	19	
47	11	20	
47	11	21	
47	11	22	
47	11	23	
47	11	24	
47	11	25	
47	11	26	
47	11	27	
47	11	28	
47	11	29	
47	11	30	
47	11	31	
47	11	32	
47	11	33	
47	12	1	
47	12	2	
47	12	3	
47	12	4	
47	12	5	
47	12	6	
47	12	7	
47	12	8	
47	12	9	
47	12	10	
47	12	11	
47	12	12	
47	12	13	
47	12	14	
47	12	15	
47	12	16	
47	12	17	
47	12	18	
47	12	19	
47	12	20	
47	12	21	
47	13	1	
47	13	2	
47	13	3	
47	13	4	
47	13	5	
47	13	6	
47	13	7	
47	13	8	
47	13	9	
47	13	10	
47	13	11	
47	13	12	
47	13	13	
47	13	14	
48	1	1	
48	1	2	
48	1	3	
48	1	4	
48	1	5	
48	1	6	
48	1	7	
48	1	8	
48	1	9	
48	1	10	
48	1	11	
48	1	12	
48	1	13	
48	1	14	
48	1	15	
48	1	16	
48	1	17	
48	1	18	
48	1	19	
48	1	20	
48	1	21	
48	1	22	
48	1	23	
48	1	24	
48	2	1	
48	2	2	
48	2	3	
48	2	4	
48	2	5	
48	2	6	
48	2	7	
48	2	8	
48	2	9	
48	2	10	
48	2	11	
48	2	12	
48	2	13	
48	2	14	
48	2	15	
48	2	16	
48	2	17	
48	2	18	
48	2	19	
48	2	20	
48	2	21	
48	3	1	
48	3	2	
48	3	3	
48	3	4	
48	3	5	
48	3	6	
48	3	7	
48	3	8	
48	3	9	
48	3	10	
48	3	11	
48	3	12	
48	3	13	
48	3	14	
48	3	15	
48	3	16	
48	3	17	
48	3	18	
48	3	19	
48	3	20	
48	3	21	
48	3	22	
48	3	23	
48	3	24	
48	3	25	
48	3	26	
48	3	27	
48	3	28	
48	3	29	
48	4	1	
48	4	2	
48	4	3	
48	4	4	
48	4	5	
48	4	6	
48	4	7	
48	4	8	
48	4	9	
48	4	10	
48	4	11	
48	4	12	
48	4	13	
48	4	14	
48	4	15	
48	4	16	
48	4	17	
48	4	18	
48	4	19	
48	4	20	
48	4	21	
48	4	22	
48	4	23	
48	4	24	
48	4	25	
48	4	26	
48	4	27	
48	4	28	
48	4	29	
48	4	30	
48	4	31	
48	5	1	
48	5	2	
48	5	3	
48	5	4	
48	5	5	
48	5	6	
48	5	7	
48	5	8	
48	5	9	
48	5	10	
48	5	11	
48	5	12	
48	5	13	
48	5	14	
48	5	15	
48	5	16	
48	5	17	
48	5	18	
48	5	19	
48	5	20	
48	5	21	
48	5	22	
48	5	23	
48	5	24	
48	5	25	
48	5	26	
48	6	1	
48	6	2	
48	6	3	
48	6	4	
48	6	5	
48	6	6	
48	6	7	
48	6	8	
48	6	9	
48	6	10	
48	6	11	
48	6	12	
48	6	13	
48	6	14	
48	6	15	
48	6	16	
48	6	17	
48	6	18	
49	1	1	
49	1	2	
49	1	3	
49	1	4	
49	1	5	
49	1	6	
49	1	7	
49	1	8	
49	1	9	
49	1	10	
49	1	11	
49	1	12	
49	1	13	
49	1	14	
49	1	15	
49	1	16	
49	1	17	
49	1	18	
49	1	19	
49	1	20	
49	1	21	
49	1	22	
49	1	23	
49	2	1	
49	2	2	
49	2	3	
49	2	4	
49	2	5	
49	2	6	
49	2	7	
49	2	8	
49	2	9	
49	2	10	
49	2	11	
49	2	12	
49	2	13	
49	2	14	
49	2	15	
49	2	16	
49	2	17	
49	2	18	
49	2	19	
49	2	20	
49	2	21	
49	2	22	
49	3	1	
49	3	2	
49	3	3	
49	3	4	
49	3	5	
49	3	6	
49	3	7	
49	3	8	
49	3	9	
49	3	10	
49	3	11	
49	3	12	
49	3	13	
49	3	14	
49	3	15	
49	3	16	
49	3	17	
49	3	18	
49	3	19	
49	3	20	
49	3	21	
49	4	1	
49	4	2	
49	4	3	
49	4	4	
49	4	5	
49	4	6	
49	4	7	
49	4	8	
49	4	9	
49	4	10	
49	4	11	
49	4	12	
49	4	13	
49	4	14	
49	4	15	
49	4	16	
49	4	17	
49	4	18	
49	4	19	
49	4	20	
49	4	21	
49	4	22	
49	4	23	
49	4	24	
49	4	25	
49	4	26	
49	4	27	
49	4	28	
49	4	29	
49	4	30	
49	4	31	
49	4	32	
49	5	1	
49	5	2	
49	5	3	
49	5	4	
49	5	5	
49	5	6	
49	5	7	
49	5	8	
49	5	9	
49	5	10	
49	5	11	
49	5	12	
49	5	13	
49	5	14	
49	5	15	
49	5	16	
49	5	17	
49	5	18	
49	5	19	
49	5	20	
49	5	21	
49	5	22	
49	5	23	
49	5	24	
49	5	25	
49	5	26	
49	5	27	
49	5	28	
49	5	29	
49	5	30	
49	5	31	
49	5	32	
49	5	33	
49	6	1	
49	6	2	
49	6	3	
49	6	4	
49	6	5	
49	6	6	
49	6	7	
49	6	8	
49	6	9	
49	6	10	
49	6	11	
49	6	12	
49	6	13	
49	6	14	
49	6	15	
49	6	16	
49	6	17	
49	6	18	
49	6	19	
49	6	20	
49	6	21	
49	6	22	
49	6	23	
49	6	24	
50	1	1	
50	1	2	
50	1	3	
50	1	4	
50	1	5	
50	1	6	
50	1	7	
50	1	8	
50	1	9	
50	1	10	
50	1	11	
50	1	12	
50	1	13	
50	1	14	
50	1	15	
50	1	16	
50	1	17	
50	1	18	
50	1	19	
50	1	20	
50	1	21	
50	1	22	
50	1	23	
50	1	24	
50	1	25	
50	1	26	
50	1	27	
50	1	28	
50	1	29	
50	1	30	
50	2	1	
50	2	2	
50	2	3	
50	2	4	
50	2	5	
50	2	6	
50	2	7	
50	2	8	
50	2	9	
50	2	10	
50	2	11	
50	2	12	
50	2	13	
50	2	14	
50	2	15	
50	2	16	
50	2	17	
50	2	18	
50	2	19	
50	2	20	
50	2	21	
50	2	22	
50	2	23	
50	2	24	
50	2	25	
50	2	26	
50	2	27	
50	2	28	
50	2	29	
50	2	30	
50	3	1	
50	3	2	
50	3	3	
50	3	4	
50	3	5	
50	3	6	
50	3	7	
50	3	8	
50	3	9	
50	3	10	
50	3	11	
50	3	12	
50	3	13	
50	3	14	
50	3	15	
50	3	16	
50	3	17	
50	3	18	
50	3	19	
50	3	20	
50	3	21	
50	4	1	
50	4	2	
50	4	3	
50	4	4	
50	4	5	
50	4	6	
50	4	7	
50	4	8	
50	4	9	
50	4	10	
50	4	11	
50	4	12	
50	4	13	
50	4	14	
50	4	15	
50	4	16	
50	4	17	
50	4	18	
50	4	19	
50	4	20	
50	4	21	
50	4	22	
50	4	23	
51	1	1	
51	1	2	
51	1	3	
51	1	4	
51	1	5	
51	1	6	
51	1	7	
51	1	8	
51	1	9	
51	1	10	
51	1	11	
51	1	12	
51	1	13	
51	1	14	
51	1	15	
51	1	16	
51	1	17	
51	1	18	
51	1	19	
51	1	20	
51	1	21	
51	1	22	
51	1	23	
51	1	24	
51	1	25	
51	1	26	
51	1	27	
51	1	28	
51	1	29	
51	2	1	
51	2	2	
51	2	3	
51	2	4	
51	2	5	
51	2	6	
51	2	7	
51	2	8	
51	2	9	
51	2	10	
51	2	11	
51	2	12	
51	2	13	
51	2	14	
51	2	15	
51	2	16	
51	2	17	
51	2	18	
51	2	19	
51	2	20	
51	2	21	
51	2	22	
51	2	23	
51	3	1	
51	3	2	
51	3	3	
51	3	4	
51	3	5	
51	3	6	
51	3	7	
51	3	8	
51	3	9	
51	3	10	
51	3	11	
51	3	12	
51	3	13	
51	3	14	
51	3	15	
51	3	16	
51	3	17	
51	3	18	
51	3	19	
51	3	20	
51	3	21	
51	3	22	
51	3	23	
51	3	24	
51	3	25	
51	4	1	
51	4	2	
51	4	3	
51	4	4	
51	4	5	
51	4	6	
51	4	7	
51	4	8	
51	4	9	
51	4	10	
51	4	11	
51	4	12	
51	4	13	
51	4	14	
51	4	15	
51	4	16	
51	4	17	
51	4	18	
52	1	1	
52	1	2	
52	1	3	
52	1	4	
52	1	5	
52	1	6	
52	1	7	
52	1	8	
52	1	9	
52	1	10	
52	2	1	
52	2	2	
52	2	3	
52	2	4	
52	2	5	
52	2	6	
52	2	7	
52	2	8	
52	2	9	
52	2	10	
52	2	11	
52	2	12	
52	2	13	
52	2	14	
52	2	15	
52	2	16	
52	2	17	
52	2	18	
52	2	19	
52	2	20	
52	3	1	
52	3	2	
52	3	3	
52	3	4	
52	3	5	
52	3	6	
52	3	7	
52	3	8	
52	3	9	
52	3	10	
52	3	11	
52	3	12	
52	3	13	
52	4	1	
52	4	2	
52	4	3	
52	4	4	
52	4	5	
52	4	6	
52	4	7	
52	4	8	
52	4	9	
52	4	10	
52	4	11	
52	4	12	
52	4	13	
52	4	14	
52	4	15	
52	4	16	
52	4	17	
52	4	18	
52	5	1	
52	5	2	
52	5	3	
52	5	4	
52	5	5	
52	5	6	
52	5	7	
52	5	8	
52	5	9	
52	5	10	
52	5	11	
52	5	12	
52	5	13	
52	5	14	
52	5	15	
52	5	16	
52	5	17	
52	5	18	
52	5	19	
52	5	20	
52	5	21	
52	5	22	
52	5	23	
52	5	24	
52	5	25	
52	5	26	
52	5	27	
52	5	28	
53	1	1	
53	1	2	
53	1	3	
53	1	4	
53	1	5	
53	1	6	
53	1	7	
53	1	8	
53	1	9	
53	1	10	
53	1	11	
53	1	12	
53	2	1	
53	2	2	
53	2	3	
53	2	4	
53	2	5	
53	2	6	
53	2	7	
53	2	8	
53	2	9	
53	2	10	
53	2	11	
53	2	12	
53	2	13	
53	2	14	
53	2	15	
53	2	16	
53	2	17	
53	3	1	
53	3	2	
53	3	3	
53	3	4	
53	3	5	
53	3	6	
53	3	7	
53	3	8	
53	3	9	
53	3	10	
53	3	11	
53	3	12	
53	3	13	
53	3	14	
53	3	15	
53	3	16	
53	3	17	
53	3	18	
54	1	1	
54	1	2	
54	1	3	
54	1	4	
54	1	5	
54	1	6	
54	1	7	
54	1	8	
54	1	9	
54	1	10	
54	1	11	
54	1	12	
54	1	13	
54	1	14	
54	1	15	
54	1	16	
54	1	17	
54	1	18	
54	1	19	
54	1	20	
54	2	1	
54	2	2	
54	2	3	
54	2	4	
54	2	5	
54	2	6	
54	2	7	
54	2	8	
54	2	9	
54	2	10	
54	2	11	
54	2	12	
54	2	13	
54	2	14	
54	2	15	
54	3	1	
54	3	2	
54	3	3	
54	3	4	
54	3	5	
54	3	6	
54	3	7	
54	3	8	
54	3	9	
54	3	10	
54	3	11	
54	3	12	
54	3	13	
54	3	14	
54	3	15	
54	3	16	
54	4	1	
54	4	2	
54	4	3	
54	4	4	
54	4	5	
54	4	6	
54	4	7	
54	4	8	
54	4	9	
54	4	10	
54	4	11	
54	4	12	
54	4	13	
54	4	14	
54	4	15	
54	4	16	
54	5	1	
54	5	2	
54	5	3	
54	5	4	
54	5	5	
54	5	6	
54	5	7	
54	5	8	
54	5	9	
54	5	10	
54	5	11	
54	5	12	
54	5	13	
54	5	14	
54	5	15	
54	5	16	
54	5	17	
54	5	18	
54	5	19	
54	5	20	
54	5	21	
54	5	22	
54	5	23	
54	5	24	
54	5	25	
54	6	1	
54	6	2	
54	6	3	
54	6	4	
54	6	5	
54	6	6	
54	6	7	
54	6	8	
54	6	9	
54	6	10	
54	6	11	
54	6	12	
54	6	13	
54	6	14	
54	6	15	
54	6	16	
54	6	17	
54	6	18	
54	6	19	
54	6	20	
54	6	21	
55	1	1	
55	1	2	
55	1	3	
55	1	4	
55	1	5	
55	1	6	
55	1	7	
55	1	8	
55	1	9	
55	1	10	
55	1	11	
55	1	12	
55	1	13	
55	1	14	
55	1	15	
55	1	16	
55	1	17	
55	1	18	
55	2	1	
55	2	2	
55	2	3	
55	2	4	
55	2	5	
55	2	6	
55	2	7	
55	2	8	
55	2	9	
55	2	10	
55	2	11	
55	2	12	
55	2	13	
55	2	14	
55	2	15	
55	2	16	
55	2	17	
55	2	18	
55	2	19	
55	2	20	
55	2	21	
55	2	22	
55	2	23	
55	2	24	
55	2	25	
55	2	26	
55	3	1	
55	3	2	
55	3	3	
55	3	4	
55	3	5	
55	3	6	
55	3	7	
55	3	8	
55	3	9	
55	3	10	
55	3	11	
55	3	12	
55	3	13	
55	3	14	
55	3	15	
55	3	16	
55	3	17	
55	4	1	
55	4	2	
55	4	3	
55	4	4	
55	4	5	
55	4	6	
55	4	7	
55	4	8	
55	4	9	
55	4	10	
55	4	11	
55	4	12	
55	4	13	
55	4	14	
55	4	15	
55	4	16	
55	4	17	
55	4	18	
55	4	19	
55	4	20	
55	4	21	
55	4	22	
56	1	1	
56	1	2	
56	1	3	
56	1	4	
56	1	5	
56	1	6	
56	1	7	
56	1	8	
56	1	9	
56	1	10	
56	1	11	
56	1	12	
56	1	13	
56	1	14	
56	1	15	
56	1	16	
56	2	1	
56	2	2	
56	2	3	
56	2	4	
56	2	5	
56	2	6	
56	2	7	
56	2	8	
56	2	9	
56	2	10	
56	2	11	
56	2	12	
56	2	13	
56	2	14	
56	2	15	
56	3	1	
56	3	2	
56	3	3	
56	3	4	
56	3	5	
56	3	6	
56	3	7	
56	3	8	
56	3	9	
56	3	10	
56	3	11	
56	3	12	
56	3	13	
56	3	14	
56	3	15	
57	1	1	
57	1	2	
57	1	3	
57	1	4	
57	1	5	
57	1	6	
57	1	7	
57	1	8	
57	1	9	
57	1	10	
57	1	11	
57	1	12	
57	1	13	
57	1	14	
57	1	15	
57	1	16	
57	1	17	
57	1	18	
57	1	19	
57	1	20	
57	1	21	
57	1	22	
57	1	23	
57	1	24	
57	1	25	
58	1	1	
58	1	2	
58	1	3	
58	1	4	
58	1	5	
58	1	6	
58	1	7	
58	1	8	
58	1	9	
58	1	10	
58	1	11	
58	1	12	
58	1	13	
58	1	14	
58	2	1	
58	2	2	
58	2	3	
58	2	4	
58	2	5	
58	2	6	
58	2	7	
58	2	8	
58	2	9	
58	2	10	
58	2	11	
58	2	12	
58	2	13	
58	2	14	
58	2	15	
58	2	16	
58	2	17	
58	2	18	
58	3	1	
58	3	2	
58	3	3	
58	3	4	
58	3	5	
58	3	6	
58	3	7	
58	3	8	
58	3	9	
58	3	10	
58	3	11	
58	3	12	
58	3	13	
58	3	14	
58	3	15	
58	3	16	
58	3	17	
58	3	18	
58	3	19	
58	4	1	
58	4	2	
58	4	3	
58	4	4	
58	4	5	
58	4	6	
58	4	7	
58	4	8	
58	4	9	
58	4	10	
58	4	11	
58	4	12	
58	4	13	
58	4	14	
58	4	15	
58	4	16	
58	5	1	
58	5	2	
58	5	3	
58	5	4	
58	5	5	
58	5	6	
58	5	7	
58	5	8	
58	5	9	
58	5	10	
58	5	11	
58	5	12	
58	5	13	
58	5	14	
58	6	1	
58	6	2	
58	6	3	
58	6	4	
58	6	5	
58	6	6	
58	6	7	
58	6	8	
58	6	9	
58	6	10	
58	6	11	
58	6	12	
58	6	13	
58	6	14	
58	6	15	
58	6	16	
58	6	17	
58	6	18	
58	6	19	
58	6	20	
58	7	1	
58	7	2	
58	7	3	
58	7	4	
58	7	5	
58	7	6	
58	7	7	
58	7	8	
58	7	9	
58	7	10	
58	7	11	
58	7	12	
58	7	13	
58	7	14	
58	7	15	
58	7	16	
58	7	17	
58	7	18	
58	7	19	
58	7	20	
58	7	21	
58	7	22	
58	7	23	
58	7	24	
58	7	25	
58	7	26	
58	7	27	
58	7	28	
58	8	1	
58	8	2	
58	8	3	
58	8	4	
58	8	5	
58	8	6	
58	8	7	
58	8	8	
58	8	9	
58	8	10	
58	8	11	
58	8	12	
58	8	13	
58	9	1	
58	9	2	
58	9	3	
58	9	4	
58	9	5	
58	9	6	
58	9	7	
58	9	8	
58	9	9	
58	9	10	
58	9	11	
58	9	12	
58	9	13	
58	9	14	
58	9	15	
58	9	16	
58	9	17	
58	9	18	
58	9	19	
58	9	20	
58	9	21	
58	9	22	
58	9	23	
58	9	24	
58	9	25	
58	9	26	
58	9	27	
58	9	28	
58	10	1	
58	10	2	
58	10	3	
58	10	4	
58	10	5	
58	10	6	
58	10	7	
58	10	8	
58	10	9	
58	10	10	
58	10	11	
58	10	12	
58	10	13	
58	10	14	
58	10	15	
58	10	16	
58	10	17	
58	10	18	
58	10	19	
58	10	20	
58	10	21	
58	10	22	
58	10	23	
58	10	24	
58	10	25	
58	10	26	
58	10	27	
58	10	28	
58	10	29	
58	10	30	
58	10	31	
58	10	32	
58	10	33	
58	10	34	
58	10	35	
58	10	36	
58	10	37	
58	10	38	
58	10	39	
58	11	1	
58	11	2	
58	11	3	
58	11	4	
58	11	5	
58	11	6	
58	11	7	
58	11	8	
58	11	9	
58	11	10	
58	11	11	
58	11	12	
58	11	13	
58	11	14	
58	11	15	
58	11	16	
58	11	17	
58	11	18	
58	11	19	
58	11	20	
58	11	21	
58	11	22	
58	11	23	
58	11	24	
58	11	25	
58	11	26	
58	11	27	
58	11	28	
58	11	29	
58	11	30	
58	11	31	
58	11	32	
58	11	33	
58	11	34	
58	11	35	
58	11	36	
58	11	37	
58	11	38	
58	11	39	
58	11	40	
58	12	1	
58	12	2	
58	12	3	
58	12	4	
58	12	5	
58	12	6	
58	12	7	
58	12	8	
58	12	9	
58	12	10	
58	12	11	
58	12	12	
58	12	13	
58	12	14	
58	12	15	
58	12	16	
58	12	17	
58	12	18	
58	12	19	
58	12	20	
58	12	21	
58	12	22	
58	12	23	
58	12	24	
58	12	25	
58	12	26	
58	12	27	
58	12	28	
58	12	29	
58	13	1	
58	13	2	
58	13	3	
58	13	4	
58	13	5	
58	13	6	
58	13	7	
58	13	8	
58	13	9	
58	13	10	
58	13	11	
58	13	12	
58	13	13	
58	13	14	
58	13	15	
58	13	16	
58	13	17	
58	13	18	
58	13	19	
58	13	20	
58	13	21	
58	13	22	
58	13	23	
58	13	24	
58	13	25	
59	1	1	
59	1	2	
59	1	3	
59	1	4	
59	1	5	
59	1	6	
59	1	7	
59	1	8	
59	1	9	
59	1	10	
59	1	11	
59	1	12	
59	1	13	
59	1	14	
59	1	15	
59	1	16	
59	1	17	
59	1	18	
59	1	19	
59	1	20	
59	1	21	
59	1	22	
59	1	23	
59	1	24	
59	1	25	
59	1	26	
59	1	27	
59	2	1	
59	2	2	
59	2	3	
59	2	4	
59	2	5	
59	2	6	
59	2	7	
59	2	8	
59	2	9	
59	2	10	
59	2	11	
59	2	12	
59	2	13	
59	2	14	
59	2	15	
59	2	16	
59	2	17	
59	2	18	
59	2	19	
59	2	20	
59	2	21	
59	2	22	
59	2	23	
59	2	24	
59	2	25	
59	2	26	
59	3	1	
59	3	2	
59	3	3	
59	3	4	
59	3	5	
59	3	6	
59	3	7	
59	3	8	
59	3	9	
59	3	10	
59	3	11	
59	3	12	
59	3	13	
59	3	14	
59	3	15	
59	3	16	
59	3	17	
59	3	18	
59	4	1	
59	4	2	
59	4	3	
59	4	4	
59	4	5	
59	4	6	
59	4	7	
59	4	8	
59	4	9	
59	4	10	
59	4	11	
59	4	12	
59	4	13	
59	4	14	
59	4	15	
59	4	16	
59	4	17	
59	5	1	
59	5	2	
59	5	3	
59	5	4	
59	5	5	
59	5	6	
59	5	7	
59	5	8	
59	5	9	
59	5	10	
59	5	11	
59	5	12	
59	5	13	
59	5	14	
59	5	15	
59	5	16	
59	5	17	
59	5	18	
59	5	19	
59	5	20	
60	1	1	
60	1	2	
60	1	3	
60	1	4	
60	1	5	
60	1	6	
60	1	7	
60	1	8	
60	1	9	
60	1	10	
60	1	11	
60	1	12	
60	1	13	
60	1	14	
60	1	15	
60	1	16	
60	1	17	
60	1	18	
60	1	19	
60	1	20	
60	1	21	
60	1	22	
60	1	23	
60	1	24	
60	1	25	
60	2	1	
60	2	2	
60	2	3	
60	2	4	
60	2	5	
60	2	6	
60	2	7	
60	2	8	
60	2	9	
60	2	10	
60	2	11	
60	2	12	
60	2	13	
60	2	14	
60	2	15	
60	2	16	
60	2	17	
60	2	18	
60	2	19	
60	2	20	
60	2	21	
60	2	22	
60	2	23	
60	2	24	
60	2	25	
60	3	1	
60	3	2	
60	3	3	
60	3	4	
60	3	5	
60	3	6	
60	3	7	
60	3	8	
60	3	9	
60	3	10	
60	3	11	
60	3	12	
60	3	13	
60	3	14	
60	3	15	
60	3	16	
60	3	17	
60	3	18	
60	3	19	
60	3	20	
60	3	21	
60	3	22	
60	4	1	
60	4	2	
60	4	3	
60	4	4	
60	4	5	
60	4	6	
60	4	7	
60	4	8	
60	4	9	
60	4	10	
60	4	11	
60	4	12	
60	4	13	
60	4	14	
60	4	15	
60	4	16	
60	4	17	
60	4	18	
60	4	19	
60	5	1	
60	5	2	
60	5	3	
60	5	4	
60	5	5	
60	5	6	
60	5	7	
60	5	8	
60	5	9	
60	5	10	
60	5	11	
60	5	12	
60	5	13	
60	5	14	
61	1	1	
61	1	2	
61	1	3	
61	1	4	
61	1	5	
61	1	6	
61	1	7	
61	1	8	
61	1	9	
61	1	10	
61	1	11	
61	1	12	
61	1	13	
61	1	14	
61	1	15	
61	1	16	
61	1	17	
61	1	18	
61	1	19	
61	1	20	
61	1	21	
61	2	1	
61	2	2	
61	2	3	
61	2	4	
61	2	5	
61	2	6	
61	2	7	
61	2	8	
61	2	9	
61	2	10	
61	2	11	
61	2	12	
61	2	13	
61	2	14	
61	2	15	
61	2	16	
61	2	17	
61	2	18	
61	2	19	
61	2	20	
61	2	21	
61	2	22	
61	3	1	
61	3	2	
61	3	3	
61	3	4	
61	3	5	
61	3	6	
61	3	7	
61	3	8	
61	3	9	
61	3	10	
61	3	11	
61	3	12	
61	3	13	
61	3	14	
61	3	15	
61	3	16	
61	3	17	
61	3	18	
62	1	1	
62	1	2	
62	1	3	
62	1	4	
62	1	5	
62	1	6	
62	1	7	
62	1	8	
62	1	9	
62	1	10	
62	2	1	
62	2	2	
62	2	3	
62	2	4	
62	2	5	
62	2	6	
62	2	7	
62	2	8	
62	2	9	
62	2	10	
62	2	11	
62	2	12	
62	2	13	
62	2	14	
62	2	15	
62	2	16	
62	2	17	
62	2	18	
62	2	19	
62	2	20	
62	2	21	
62	2	22	
62	2	23	
62	2	24	
62	2	25	
62	2	26	
62	2	27	
62	2	28	
62	2	29	
62	3	1	
62	3	2	
62	3	3	
62	3	4	
62	3	5	
62	3	6	
62	3	7	
62	3	8	
62	3	9	
62	3	10	
62	3	11	
62	3	12	
62	3	13	
62	3	14	
62	3	15	
62	3	16	
62	3	17	
62	3	18	
62	3	19	
62	3	20	
62	3	21	
62	3	22	
62	3	23	
62	3	24	
62	4	1	
62	4	2	
62	4	3	
62	4	4	
62	4	5	
62	4	6	
62	4	7	
62	4	8	
62	4	9	
62	4	10	
62	4	11	
62	4	12	
62	4	13	
62	4	14	
62	4	15	
62	4	16	
62	4	17	
62	4	18	
62	4	19	
62	4	20	
62	4	21	
62	5	1	
62	5	2	
62	5	3	
62	5	4	
62	5	5	
62	5	6	
62	5	7	
62	5	8	
62	5	9	
62	5	10	
62	5	11	
62	5	12	
62	5	13	
62	5	14	
62	5	15	
62	5	16	
62	5	17	
62	5	18	
62	5	19	
62	5	20	
62	5	21	
63	1	1	
63	1	2	
63	1	3	
63	1	4	
63	1	5	
63	1	6	
63	1	7	
63	1	8	
63	1	9	
63	1	10	
63	1	11	
63	1	12	
63	1	13	
64	1	1	
64	1	2	
64	1	3	
64	1	4	
64	1	5	
64	1	6	
64	1	7	
64	1	8	
64	1	9	
64	1	10	
64	1	11	
64	1	12	
64	1	13	
64	1	14	
65	1	1	
65	1	2	
65	1	3	
65	1	4	
65	1	5	
65	1	6	
65	1	7	
65	1	8	
65	1	9	
65	1	10	
65	1	11	
65	1	12	
65	1	13	
65	1	14	
65	1	15	
65	1	16	
65	1	17	
65	1	18	
65	1	19	
65	1	20	
65	1	21	
65	1	22	
65	1	23	
65	1	24	
65	1	25	
66	1	1	
66	1	2	
66	1	3	
66	1	4	
66	1	5	
66	1	6	
66	1	7	
66	1	8	
66	1	9	
66	1	10	
66	1	11	
66	1	12	
66	1	13	
66	1	14	
66	1	15	
66	1	16	
66	1	17	
66	1	18	
66	1	19	
66	1	20	
66	2	1	
66	2	2	
66	2	3	
66	2	4	
66	2	5	
66	2	6	
66	2	7	
66	2	8	
66	2	9	
66	2	10	
66	2	11	
66	2	12	
66	2	13	
66	2	14	
66	2	15	
66	2	16	
66	2	17	
66	2	18	
66	2	19	
66	2	20	
66	2	21	
66	2	22	
66	2	23	
66	2	24	
66	2	25	
66	2	26	
66	2	27	
66	2	28	
66	2	29	
66	3	1	
66	3	2	
66	3	3	
66	3	4	
66	3	5	
66	3	6	
66	3	7	
66	3	8	
66	3	9	
66	3	10	
66	3	11	
66	3	12	
66	3	13	
66	3	14	
66	3	15	
66	3	16	
66	3	17	
66	3	18	
66	3	19	
66	3	20	
66	3	21	
66	3	22	
66	4	1	
66	4	2	
66	4	3	
66	4	4	
66	4	5	
66	4	6	
66	4	7	
66	4	8	
66	4	9	
66	4	10	
66	4	11	
66	5	1	
66	5	2	
66	5	3	
66	5	4	
66	5	5	
66	5	6	
66	5	7	
66	5	8	
66	5	9	
66	5	10	
66	5	11	
66	5	12	
66	5	13	
66	5	14	
66	6	1	
66	6	2	
66	6	3	
66	6	4	
66	6	5	
66	6	6	
66	6	7	
66	6	8	
66	6	9	
66	6	10	
66	6	11	
66	6	12	
66	6	13	
66	6	14	
66	6	15	
66	6	16	
66	6	17	
66	7	1	
66	7	2	
66	7	3	
66	7	4	
66	7	5	
66	7	6	
66	7	7	
66	7	8	
66	7	9	
66	7	10	
66	7	11	
66	7	12	
66	7	13	
66	7	14	
66	7	15	
66	7	16	
66	7	17	
66	8	1	
66	8	2	
66	8	3	
66	8	4	
66	8	5	
66	8	6	
66	8	7	
66	8	8	
66	8	9	
66	8	10	
66	8	11	
66	8	12	
66	8	13	
66	9	1	
66	9	2	
66	9	3	
66	9	4	
66	9	5	
66	9	6	
66	9	7	
66	9	8	
66	9	9	
66	9	10	
66	9	11	
66	9	12	
66	9	13	
66	9	14	
66	9	15	
66	9	16	
66	9	17	
66	9	18	
66	9	19	
66	9	20	
66	9	21	
66	10	1	
66	10	2	
66	10	3	
66	10	4	
66	10	5	
66	10	6	
66	10	7	
66	10	8	
66	10	9	
66	10	10	
66	10	11	
66	11	1	
66	11	2	
66	11	3	
66	11	4	
66	11	5	
66	11	6	
66	11	7	
66	11	8	
66	11	9	
66	11	10	
66	11	11	
66	11	12	
66	11	13	
66	11	14	
66	11	15	
66	11	16	
66	11	17	
66	11	18	
66	11	19	
66	12	1	
66	12	2	
66	12	3	
66	12	4	
66	12	5	
66	12	6	
66	12	7	
66	12	8	
66	12	9	
66	12	10	
66	12	11	
66	12	12	
66	12	13	
66	12	14	
66	12	15	
66	12	16	
66	12	17	
66	13	1	
66	13	2	
66	13	3	
66	13	4	
66	13	5	
66	13	6	
66	13	7	
66	13	8	
66	13	9	
66	13	10	
66	13	11	
66	13	12	
66	13	13	
66	13	14	
66	13	15	
66	13	16	
66	13	17	
66	13	18	
66	14	1	
66	14	2	
66	14	3	
66	14	4	
66	14	5	
66	14	6	
66	14	7	
66	14	8	
66	14	9	
66	14	10	
66	14	11	
66	14	12	
66	14	13	
66	14	14	
66	14	15	
66	14	16	
66	14	17	
66	14	18	
66	14	19	
66	14	20	
66	15	1	
66	15	2	
66	15	3	
66	15	4	
66	15	5	
66	15	6	
66	15	7	
66	15	8	
66	16	1	
66	16	2	
66	16	3	
66	16	4	
66	16	5	
66	16	6	
66	16	7	
66	16	8	
66	16	9	
66	16	10	
66	16	11	
66	16	12	
66	16	13	
66	16	14	
66	16	15	
66	16	16	
66	16	17	
66	16	18	
66	16	19	
66	16	20	
66	16	21	
66	17	1	
66	17	2	
66	17	3	
66	17	4	
66	17	5	
66	17	6	
66	17	7	
66	17	8	
66	17	9	
66	17	10	
66	17	11	
66	17	12	
66	17	13	
66	17	14	
66	17	15	
66	17	16	
66	17	17	
66	17	18	
66	18	1	
66	18	2	
66	18	3	
66	18	4	
66	18	5	
66	18	6	
66	18	7	
66	18	8	
66	18	9	
66	18	10	
66	18	11	
66	18	12	
66	18	13	
66	18	14	
66	18	15	
66	18	16	
66	18	17	
66	18	18	
66	18	19	
66	18	20	
66	18	21	
66	18	22	
66	18	23	
66	18	24	
66	19	1	
66	19	2	
66	19	3	
66	19	4	
66	19	5	
66	19	6	
66	19	7	
66	19	8	
66	19	9	
66	19	10	
66	19	11	
66	19	12	
66	19	13	
66	19	14	
66	19	15	
66	19	16	
66	19	17	
66	19	18	
66	19	19	
66	19	20	
66	19	21	
66	20	1	
66	20	2	
66	20	3	
66	20	4	
66	20	5	
66	20	6	
66	20	7	
66	20	8	
66	20	9	
66	20	10	
66	20	11	
66	20	12	
66	20	13	
66	20	14	
66	20	15	
66	21	1	
66	21	2	
66	21	3	
66	21	4	
66	21	5	
66	21	6	
66	21	7	
66	21	8	
66	21	9	
66	21	10	
66	21	11	
66	21	12	
66	21	13	
66	21	14	
66	21	15	
66	21	16	
66	21	17	
66	21	18	
66	21	19	
66	21	20	
66	21	21	
66	21	22	
66	21	23	
66	21	24	
66	21	25	
66	21	26	
66	21	27	
66	22	1	
66	22	2	
66	22	3	
66	22	4	
66	22	5	
66	22	6	
66	22	7	
66	22	8	
66	22	9	
66	22	10	
66	22	11	
66	22	12	
66	22	13	
66	22	14	
66	22	15	
66	22	16	
66	22	17	
66	22	18	
66	22	19	
66	22	20	
66	22	21	
